Well Row,,A,A,A,A,A,A,A,A,A,A,A,A,B,B,B,B,B,B,B,B,B,B,B,B,C,C,C,C,C,C,C,C,C,C,C,C,D,D,D,D,D,D,D,D,D,D,D,D,E,E,E,E,E,E,E,E,E,E,E,E,F,F,F,F,F,F,F,F,F,F,F,F,G,G,G,G,G,G,G,G,G,G,G,G,H,H,H,H,H,H,H,H,H,H,H,H
Well Col,,1,2,3,4,5,6,7,8,9,10,11,12,1,2,3,4,5,6,7,8,9,10,11,12,1,2,3,4,5,6,7,8,9,10,11,12,1,2,3,4,5,6,7,8,9,10,11,12,1,2,3,4,5,6,7,8,9,10,11,12,1,2,3,4,5,6,7,8,9,10,11,12,1,2,3,4,5,6,7,8,9,10,11,12,1,2,3,4,5,6,7,8,9,10,11,12
Content,Time,Sample X1,Sample X2,Sample X3,Sample X4,Sample X5,Sample X6,Sample X7,Sample X8,Sample X9,Sample X10,Sample X11,Sample X12,Sample X13,Sample X14,Sample X15,Sample X16,Sample X17,Sample X18,Sample X19,Sample X20,Sample X21,Sample X22,Sample X23,Sample X24,Sample X25,Sample X26,Sample X27,Sample X28,Sample X29,Sample X30,Sample X31,Sample X32,Sample X33,Sample X34,Sample X35,Sample X36,Sample X37,Sample X38,Sample X39,Sample X40,Sample X41,Sample X42,Sample X43,Sample X44,Sample X45,Sample X46,Sample X47,Sample X48,Sample X49,Sample X50,Sample X51,Sample X52,Sample X53,Sample X54,Sample X55,Sample X56,Sample X57,Sample X58,Sample X59,Sample X60,Sample X61,Sample X62,Sample X63,Sample X64,Sample X65,Sample X66,Sample X67,Sample X68,Sample X69,Sample X70,Sample X71,Sample X72,Sample X73,Sample X74,Sample X75,Sample X76,Sample X77,Sample X78,Sample X79,Sample X80,Sample X81,Sample X82,Sample X83,Sample X84,Sample X85,Sample X86,Sample X87,Sample X88,Sample X89,Sample X90,Sample X91,Sample X92,Sample X93,Sample X94,Sample X95,Sample X96
Raw Data (600),0 h ,0.95,0.96,0.501,0.529,0.528,0.508,0.552,0.497,0.487,0.567,0.59,0.522,0.593,0.569,0.588,0.562,0.634,0.528,0.819,0.571,0.83,0.54,0.879,0.551,0.61,0.624,0.903,0.647,0.874,0.608,0.734,0.606,0.889,0.65,0.586,0.564,0.607,0.654,0.627,0.627,0.642,0.653,0.663,0.705,0.633,0.611,0.633,0.64,0.606,0.646,0.632,0.624,0.573,0.639,0.726,0.733,0.651,0.903,0.617,0.681,0.564,0.907,0.765,0.726,0.669,0.744,0.867,0.692,0.684,0.603,0.745,0.847,0.083,0.082,0.082,0.086,0.084,0.083,0.083,0.084,0.084,0.088,0.082,0.086,0.807,0.721,0.886,0.859,0.866,0.729,0.859,0.727,0.721,0.679,0.867,0.615
Raw Data (600),0 h 10 min,0.942,0.944,0.517,0.533,0.536,0.516,0.557,0.51,0.495,0.586,0.609,0.538,0.584,0.568,0.584,0.574,0.627,0.533,0.854,0.571,0.86,0.55,0.902,0.568,0.607,0.641,0.901,0.657,0.902,0.626,0.774,0.603,0.906,0.676,0.605,0.559,0.607,0.643,0.639,0.638,0.651,0.65,0.67,0.696,0.642,0.626,0.661,0.661,0.592,0.629,0.619,0.623,0.563,0.627,0.702,0.68,0.656,0.858,0.604,0.677,0.578,0.895,0.754,0.718,0.665,0.726,0.853,0.701,0.676,0.618,0.74,0.85,0.083,0.082,0.083,0.086,0.083,0.082,0.082,0.084,0.083,0.087,0.083,0.087,0.776,0.73,0.852,0.824,0.83,0.705,0.818,0.702,0.711,0.659,0.824,0.61
Raw Data (600),0 h 20 min,0.929,0.925,0.54,0.544,0.542,0.528,0.558,0.528,0.516,0.624,0.607,0.581,0.602,0.57,0.588,0.581,0.636,0.544,0.865,0.608,0.833,0.599,0.827,0.572,0.595,0.635,0.879,0.634,0.878,0.625,0.76,0.593,0.902,0.66,0.609,0.556,0.597,0.64,0.635,0.637,0.649,0.645,0.673,0.694,0.644,0.625,0.674,0.677,0.592,0.633,0.612,0.621,0.571,0.618,0.692,0.68,0.651,0.832,0.608,0.695,0.59,0.921,0.757,0.731,0.683,0.74,0.912,0.73,0.707,0.647,0.78,0.896,0.083,0.083,0.083,0.086,0.084,0.083,0.083,0.084,0.083,0.088,0.083,0.087,0.793,0.725,0.885,0.857,0.862,0.713,0.844,0.713,0.75,0.675,0.833,0.641
Raw Data (600),0 h 30 min,0.9,0.914,0.531,0.547,0.541,0.527,0.555,0.524,0.514,0.613,0.607,0.561,0.59,0.587,0.6,0.587,0.649,0.551,0.847,0.64,0.824,0.645,0.807,0.598,0.6,0.65,0.88,0.648,0.876,0.64,0.766,0.617,0.898,0.662,0.627,0.57,0.605,0.67,0.66,0.656,0.668,0.67,0.691,0.713,0.648,0.635,0.671,0.668,0.585,0.63,0.609,0.62,0.561,0.61,0.688,0.694,0.631,0.808,0.611,0.688,0.597,0.887,0.736,0.732,0.667,0.728,0.863,0.703,0.688,0.637,0.75,0.855,0.083,0.082,0.082,0.086,0.084,0.083,0.082,0.084,0.083,0.088,0.082,0.086,0.794,0.722,0.856,0.847,0.84,0.74,0.819,0.706,0.702,0.648,0.802,0.619
Raw Data (600),0 h 40 min,0.881,0.882,0.554,0.553,0.547,0.537,0.568,0.536,0.523,0.632,0.607,0.548,0.601,0.596,0.605,0.59,0.653,0.559,0.843,0.638,0.815,0.639,0.806,0.599,0.599,0.659,0.862,0.672,0.855,0.649,0.774,0.637,0.878,0.698,0.655,0.634,0.596,0.659,0.644,0.638,0.656,0.651,0.665,0.695,0.639,0.627,0.659,0.659,0.588,0.64,0.614,0.628,0.57,0.621,0.69,0.702,0.645,0.807,0.61,0.687,0.587,0.866,0.739,0.724,0.65,0.716,0.825,0.683,0.667,0.646,0.721,0.86,0.084,0.082,0.083,0.086,0.084,0.083,0.083,0.083,0.084,0.089,0.082,0.087,0.804,0.686,0.859,0.848,0.846,0.695,0.824,0.686,0.717,0.666,0.818,0.623
Raw Data (600),0 h 50 min,0.931,0.937,0.544,0.563,0.562,0.548,0.586,0.559,0.55,0.644,0.649,0.555,0.602,0.585,0.603,0.582,0.641,0.551,0.85,0.623,0.827,0.637,0.83,0.605,0.603,0.663,0.857,0.683,0.868,0.646,0.769,0.648,0.888,0.686,0.664,0.613,0.609,0.683,0.672,0.666,0.673,0.676,0.697,0.722,0.659,0.645,0.7,0.696,0.598,0.656,0.631,0.644,0.583,0.634,0.706,0.708,0.665,0.828,0.63,0.711,0.604,0.881,0.75,0.755,0.664,0.751,0.866,0.719,0.673,0.668,0.74,0.844,0.083,0.083,0.084,0.087,0.085,0.084,0.083,0.084,0.084,0.089,0.083,0.087,0.806,0.704,0.88,0.873,0.872,0.731,0.856,0.711,0.742,0.671,0.823,0.649
Raw Data (600),1 h ,0.904,0.909,0.536,0.577,0.562,0.554,0.577,0.558,0.561,0.638,0.62,0.617,0.604,0.619,0.626,0.606,0.669,0.582,0.844,0.66,0.817,0.672,0.806,0.644,0.613,0.667,0.866,0.678,0.862,0.652,0.773,0.67,0.901,0.684,0.673,0.647,0.595,0.67,0.657,0.655,0.659,0.658,0.667,0.708,0.648,0.63,0.671,0.67,0.586,0.669,0.634,0.653,0.589,0.644,0.71,0.722,0.672,0.827,0.626,0.696,0.597,0.858,0.741,0.745,0.646,0.731,0.837,0.709,0.68,0.686,0.725,0.827,0.084,0.083,0.083,0.087,0.084,0.083,0.083,0.084,0.084,0.088,0.082,0.087,0.798,0.734,0.844,0.826,0.831,0.735,0.815,0.706,0.697,0.674,0.811,0.632
Raw Data (600),1 h 10 min,0.946,0.923,0.542,0.579,0.568,0.557,0.584,0.563,0.567,0.659,0.648,0.623,0.608,0.615,0.62,0.602,0.666,0.58,0.842,0.67,0.817,0.688,0.811,0.635,0.611,0.693,0.852,0.704,0.861,0.681,0.784,0.699,0.892,0.706,0.706,0.647,0.603,0.697,0.676,0.668,0.675,0.668,0.702,0.73,0.67,0.656,0.687,0.695,0.591,0.677,0.641,0.644,0.583,0.636,0.706,0.715,0.675,0.817,0.634,0.712,0.59,0.831,0.733,0.741,0.638,0.726,0.857,0.727,0.694,0.704,0.744,0.84,0.084,0.083,0.084,0.088,0.084,0.084,0.083,0.084,0.084,0.089,0.083,0.087,0.809,0.747,0.879,0.863,0.869,0.75,0.85,0.732,0.731,0.691,0.841,0.693
Raw Data (600),1 h 20 min,0.885,0.896,0.554,0.573,0.561,0.55,0.579,0.56,0.562,0.665,0.637,0.608,0.61,0.633,0.633,0.618,0.671,0.589,0.824,0.659,0.805,0.68,0.808,0.642,0.596,0.677,0.854,0.671,0.855,0.662,0.781,0.686,0.912,0.681,0.683,0.644,0.597,0.7,0.686,0.67,0.691,0.674,0.717,0.754,0.677,0.666,0.703,0.703,0.579,0.656,0.61,0.628,0.564,0.617,0.699,0.706,0.674,0.801,0.621,0.702,0.585,0.821,0.697,0.675,0.604,0.677,0.881,0.74,0.692,0.725,0.773,0.889,0.083,0.082,0.083,0.087,0.084,0.083,0.083,0.085,0.083,0.088,0.082,0.086,0.797,0.754,0.865,0.854,0.852,0.769,0.824,0.74,0.709,0.673,0.81,0.676
Raw Data (600),1 h 30 min,0.901,0.907,0.55,0.601,0.586,0.576,0.603,0.574,0.582,0.691,0.663,0.666,0.617,0.638,0.629,0.615,0.671,0.587,0.838,0.686,0.815,0.699,0.799,0.648,0.589,0.678,0.824,0.683,0.822,0.671,0.784,0.727,0.877,0.72,0.719,0.692,0.584,0.688,0.671,0.646,0.667,0.668,0.699,0.74,0.674,0.655,0.687,0.687,0.58,0.645,0.61,0.61,0.564,0.618,0.699,0.715,0.689,0.798,0.617,0.702,0.59,0.81,0.71,0.677,0.607,0.679,0.868,0.735,0.698,0.72,0.757,0.849,0.083,0.082,0.083,0.086,0.085,0.083,0.083,0.084,0.083,0.09,0.083,0.087,0.812,0.723,0.86,0.862,0.855,0.735,0.84,0.706,0.705,0.673,0.823,0.67
Raw Data (600),1 h 40 min,0.946,0.949,0.547,0.579,0.58,0.573,0.598,0.592,0.594,0.679,0.652,0.626,0.619,0.629,0.621,0.615,0.665,0.579,0.847,0.692,0.835,0.703,0.82,0.656,0.589,0.676,0.81,0.656,0.815,0.659,0.78,0.706,0.883,0.69,0.694,0.66,0.585,0.706,0.68,0.657,0.683,0.665,0.729,0.763,0.698,0.683,0.722,0.725,0.594,0.642,0.626,0.621,0.574,0.622,0.72,0.73,0.711,0.818,0.64,0.726,0.589,0.797,0.699,0.644,0.6,0.631,0.877,0.751,0.696,0.721,0.777,0.868,0.084,0.082,0.083,0.087,0.084,0.083,0.084,0.083,0.083,0.089,0.083,0.086,0.808,0.722,0.851,0.842,0.844,0.752,0.821,0.706,0.69,0.659,0.827,0.64
Raw Data (600),1 h 50 min,0.888,0.895,0.564,0.58,0.563,0.565,0.584,0.567,0.571,0.657,0.626,0.624,0.621,0.637,0.629,0.613,0.673,0.587,0.838,0.705,0.82,0.716,0.803,0.665,0.593,0.687,0.803,0.663,0.814,0.667,0.786,0.716,0.897,0.717,0.712,0.691,0.579,0.685,0.659,0.627,0.651,0.639,0.709,0.742,0.678,0.656,0.697,0.693,0.579,0.624,0.613,0.598,0.557,0.613,0.701,0.715,0.713,0.803,0.631,0.707,0.577,0.795,0.71,0.638,0.598,0.634,0.893,0.756,0.72,0.736,0.777,0.861,0.085,0.083,0.083,0.088,0.085,0.083,0.084,0.084,0.084,0.09,0.083,0.087,0.816,0.729,0.856,0.841,0.845,0.75,0.823,0.709,0.688,0.672,0.809,0.655
Raw Data (600),2 h ,0.883,0.893,0.58,0.584,0.566,0.575,0.591,0.572,0.578,0.669,0.625,0.645,0.628,0.656,0.644,0.629,0.687,0.607,0.832,0.703,0.807,0.715,0.785,0.668,0.595,0.677,0.802,0.655,0.806,0.659,0.788,0.711,0.914,0.713,0.718,0.714,0.593,0.708,0.657,0.631,0.655,0.644,0.744,0.76,0.697,0.686,0.707,0.711,0.576,0.616,0.624,0.613,0.563,0.635,0.741,0.748,0.749,0.852,0.662,0.728,0.592,0.764,0.691,0.628,0.594,0.616,0.85,0.739,0.695,0.712,0.751,0.833,0.084,0.083,0.084,0.088,0.085,0.083,0.083,0.085,0.083,0.09,0.083,0.087,0.806,0.725,0.833,0.823,0.831,0.741,0.798,0.693,0.657,0.65,0.797,0.626
Raw Data (600),2 h 10 min,0.891,0.896,0.591,0.596,0.567,0.587,0.597,0.576,0.588,0.696,0.639,0.648,0.623,0.64,0.632,0.622,0.671,0.603,0.848,0.699,0.83,0.706,0.806,0.66,0.573,0.666,0.797,0.637,0.794,0.651,0.794,0.722,0.908,0.685,0.672,0.698,0.58,0.675,0.651,0.612,0.638,0.621,0.714,0.749,0.687,0.661,0.695,0.692,0.578,0.611,0.627,0.602,0.568,0.635,0.742,0.759,0.761,0.862,0.674,0.743,0.574,0.756,0.678,0.603,0.575,0.6,0.892,0.762,0.713,0.743,0.802,0.873,0.084,0.083,0.084,0.087,0.084,0.084,0.084,0.084,0.084,0.09,0.082,0.087,0.829,0.734,0.868,0.865,0.869,0.765,0.846,0.731,0.703,0.684,0.83,0.699
Raw Data (600),2 h 20 min,0.943,0.907,0.603,0.602,0.57,0.611,0.611,0.598,0.62,0.69,0.644,0.659,0.634,0.629,0.623,0.606,0.663,0.6,0.853,0.701,0.843,0.706,0.833,0.667,0.574,0.662,0.782,0.636,0.789,0.644,0.798,0.745,0.909,0.72,0.721,0.737,0.599,0.686,0.65,0.626,0.648,0.636,0.748,0.748,0.708,0.693,0.708,0.752,0.589,0.61,0.611,0.598,0.571,0.632,0.743,0.749,0.776,0.85,0.684,0.75,0.594,0.763,0.695,0.631,0.598,0.618,0.861,0.765,0.709,0.741,0.758,0.836,0.084,0.083,0.084,0.087,0.085,0.083,0.084,0.084,0.084,0.09,0.083,0.086,0.824,0.75,0.88,0.876,0.874,0.744,0.856,0.736,0.729,0.693,0.854,0.711
Raw Data (600),2 h 30 min,0.882,0.891,0.623,0.613,0.568,0.617,0.619,0.598,0.621,0.694,0.638,0.669,0.641,0.636,0.632,0.617,0.664,0.608,0.849,0.708,0.846,0.706,0.834,0.665,0.579,0.664,0.776,0.646,0.789,0.658,0.803,0.744,0.923,0.726,0.711,0.743,0.584,0.687,0.647,0.626,0.648,0.64,0.759,0.768,0.716,0.699,0.731,0.731,0.596,0.598,0.614,0.587,0.559,0.627,0.736,0.75,0.787,0.841,0.675,0.735,0.593,0.76,0.702,0.628,0.599,0.61,0.864,0.771,0.727,0.728,0.765,0.844,0.083,0.083,0.082,0.087,0.084,0.083,0.083,0.083,0.083,0.089,0.082,0.086,0.817,0.744,0.864,0.843,0.858,0.749,0.832,0.739,0.697,0.668,0.816,0.7
Raw Data (600),2 h 40 min,0.916,0.914,0.62,0.651,0.591,0.64,0.657,0.608,0.641,0.746,0.671,0.743,0.646,0.645,0.646,0.63,0.678,0.625,0.857,0.72,0.849,0.725,0.818,0.673,0.591,0.662,0.779,0.633,0.783,0.646,0.815,0.75,0.926,0.734,0.72,0.754,0.589,0.677,0.637,0.611,0.636,0.622,0.756,0.755,0.718,0.697,0.716,0.722,0.588,0.599,0.614,0.584,0.564,0.625,0.74,0.759,0.787,0.826,0.686,0.752,0.592,0.748,0.683,0.616,0.59,0.601,0.861,0.779,0.721,0.737,0.787,0.861,0.084,0.083,0.083,0.087,0.085,0.083,0.084,0.084,0.084,0.09,0.083,0.087,0.818,0.737,0.85,0.837,0.841,0.735,0.818,0.729,0.7,0.675,0.808,0.701
Raw Data (600),2 h 50 min,0.884,0.889,0.639,0.636,0.566,0.639,0.646,0.611,0.652,0.707,0.644,0.704,0.661,0.657,0.664,0.643,0.692,0.641,0.868,0.743,0.858,0.739,0.819,0.686,0.587,0.664,0.772,0.636,0.789,0.647,0.82,0.751,0.936,0.747,0.719,0.766,0.596,0.698,0.652,0.621,0.643,0.626,0.789,0.769,0.728,0.708,0.718,0.72,0.58,0.587,0.599,0.58,0.55,0.615,0.734,0.751,0.79,0.821,0.688,0.745,0.596,0.757,0.694,0.62,0.596,0.602,0.875,0.782,0.729,0.735,0.793,0.874,0.083,0.082,0.083,0.087,0.083,0.083,0.083,0.083,0.083,0.089,0.082,0.086,0.817,0.719,0.837,0.823,0.837,0.716,0.801,0.668,0.637,0.624,0.8,0.617
Raw Data (600),3 h ,0.887,0.894,0.659,0.654,0.573,0.664,0.668,0.638,0.678,0.72,0.655,0.718,0.679,0.667,0.677,0.647,0.698,0.656,0.859,0.724,0.849,0.73,0.818,0.686,0.593,0.667,0.787,0.637,0.779,0.642,0.824,0.742,0.961,0.747,0.706,0.769,0.593,0.685,0.64,0.613,0.642,0.617,0.789,0.777,0.74,0.718,0.736,0.745,0.577,0.596,0.6,0.587,0.564,0.63,0.75,0.77,0.804,0.846,0.702,0.762,0.553,0.726,0.654,0.582,0.566,0.569,0.887,0.772,0.719,0.732,0.792,0.887,0.084,0.082,0.083,0.086,0.084,0.083,0.083,0.084,0.083,0.09,0.083,0.087,0.83,0.742,0.869,0.861,0.868,0.746,0.845,0.732,0.708,0.674,0.82,0.701
Raw Data (600),3 h 10 min,0.894,0.904,0.668,0.667,0.574,0.687,0.686,0.656,0.705,0.739,0.671,0.733,0.691,0.667,0.669,0.654,0.7,0.666,0.878,0.751,0.876,0.752,0.833,0.695,0.594,0.672,0.78,0.651,0.785,0.658,0.831,0.764,0.966,0.767,0.722,0.777,0.602,0.7,0.65,0.634,0.662,0.637,0.817,0.804,0.769,0.744,0.765,0.772,0.583,0.592,0.605,0.583,0.556,0.638,0.767,0.779,0.817,0.872,0.719,0.773,0.593,0.738,0.684,0.607,0.584,0.584,0.836,0.751,0.705,0.706,0.738,0.806,0.084,0.082,0.082,0.087,0.084,0.083,0.084,0.085,0.084,0.09,0.083,0.087,0.824,0.742,0.845,0.821,0.833,0.74,0.801,0.704,0.663,0.64,0.795,0.656
Raw Data (600),3 h 20 min,0.902,0.905,0.684,0.696,0.574,0.701,0.71,0.667,0.711,0.762,0.693,0.766,0.697,0.661,0.676,0.643,0.703,0.671,0.876,0.728,0.883,0.727,0.86,0.691,0.584,0.67,0.775,0.639,0.769,0.646,0.848,0.801,0.954,0.78,0.719,0.801,0.583,0.661,0.622,0.595,0.619,0.601,0.788,0.767,0.744,0.721,0.737,0.749,0.579,0.579,0.598,0.571,0.558,0.623,0.747,0.755,0.8,0.833,0.707,0.754,0.592,0.746,0.691,0.616,0.593,0.603,0.864,0.766,0.718,0.732,0.765,0.821,0.083,0.082,0.083,0.087,0.084,0.083,0.083,0.084,0.083,0.088,0.082,0.086,0.849,0.737,0.876,0.872,0.87,0.733,0.854,0.72,0.718,0.693,0.856,0.72
Raw Data (600),3 h 30 min,0.926,0.926,0.704,0.715,0.581,0.729,0.729,0.698,0.74,0.785,0.721,0.783,0.706,0.676,0.687,0.666,0.719,0.683,0.905,0.752,0.914,0.758,0.882,0.706,0.595,0.674,0.76,0.628,0.769,0.639,0.851,0.776,0.952,0.785,0.728,0.788,0.604,0.673,0.64,0.62,0.644,0.63,0.819,0.791,0.767,0.753,0.77,0.8,0.591,0.585,0.606,0.583,0.567,0.631,0.76,0.764,0.814,0.86,0.732,0.775,0.598,0.744,0.694,0.625,0.594,0.598,0.862,0.756,0.714,0.723,0.752,0.811,0.084,0.083,0.083,0.087,0.084,0.083,0.083,0.084,0.084,0.09,0.083,0.086,0.841,0.74,0.859,0.851,0.856,0.729,0.838,0.709,0.685,0.665,0.831,0.676
Raw Data (600),3 h 40 min,0.907,0.906,0.747,0.732,0.574,0.743,0.751,0.709,0.763,0.799,0.734,0.782,0.722,0.688,0.711,0.675,0.746,0.707,0.917,0.773,0.921,0.764,0.889,0.723,0.596,0.657,0.764,0.628,0.767,0.638,0.862,0.784,0.976,0.796,0.737,0.802,0.596,0.683,0.649,0.632,0.665,0.644,0.848,0.823,0.801,0.784,0.797,0.814,0.592,0.585,0.601,0.582,0.563,0.626,0.756,0.755,0.804,0.839,0.727,0.765,0.585,0.741,0.678,0.61,0.585,0.594,0.858,0.744,0.69,0.708,0.741,0.793,0.084,0.083,0.083,0.088,0.084,0.083,0.084,0.084,0.083,0.09,0.084,0.086,0.837,0.755,0.872,0.858,0.859,0.731,0.839,0.733,0.712,0.68,0.834,0.717
Raw Data (600),3 h 50 min,0.935,0.942,0.746,0.756,0.573,0.775,0.768,0.726,0.774,0.811,0.754,0.848,0.723,0.694,0.716,0.685,0.737,0.711,0.916,0.785,0.927,0.776,0.885,0.738,0.6,0.697,0.776,0.662,0.782,0.674,0.883,0.822,0.985,0.833,0.78,0.818,0.58,0.645,0.628,0.596,0.625,0.611,0.815,0.794,0.77,0.752,0.771,0.777,0.58,0.581,0.606,0.584,0.568,0.643,0.757,0.764,0.808,0.848,0.725,0.765,0.593,0.74,0.685,0.613,0.594,0.589,0.834,0.737,0.688,0.694,0.734,0.787,0.084,0.082,0.083,0.087,0.084,0.083,0.083,0.083,0.083,0.089,0.083,0.086,0.846,0.741,0.881,0.877,0.879,0.729,0.864,0.73,0.729,0.7,0.857,0.725
Raw Data (600),4 h ,0.911,0.919,0.784,0.781,0.584,0.793,0.803,0.76,0.804,0.837,0.779,0.858,0.724,0.696,0.716,0.686,0.745,0.706,0.924,0.783,0.939,0.775,0.895,0.74,0.591,0.667,0.747,0.639,0.766,0.643,0.862,0.8,0.976,0.828,0.753,0.798,0.576,0.643,0.61,0.593,0.613,0.608,0.8,0.789,0.761,0.743,0.762,0.766,0.571,0.574,0.587,0.574,0.563,0.626,0.744,0.75,0.803,0.844,0.721,0.76,0.554,0.719,0.658,0.591,0.57,0.569,0.819,0.734,0.674,0.685,0.742,0.762,0.083,0.082,0.083,0.088,0.084,0.083,0.083,0.084,0.084,0.09,0.083,0.086,0.83,0.722,0.855,0.852,0.849,0.684,0.821,0.689,0.689,0.673,0.827,0.697
Raw Data (600),4 h 10 min,0.924,0.936,0.805,0.802,0.577,0.826,0.818,0.784,0.823,0.831,0.776,0.854,0.772,0.745,0.753,0.71,0.768,0.738,0.944,0.822,0.956,0.806,0.908,0.756,0.602,0.663,0.761,0.641,0.774,0.669,0.866,0.803,0.995,0.831,0.761,0.8,0.593,0.67,0.637,0.617,0.646,0.626,0.847,0.814,0.798,0.788,0.796,0.811,0.596,0.584,0.605,0.586,0.567,0.629,0.745,0.751,0.793,0.828,0.723,0.756,0.567,0.724,0.66,0.587,0.572,0.568,0.814,0.72,0.666,0.659,0.72,0.77,0.084,0.082,0.083,0.087,0.084,0.083,0.083,0.083,0.084,0.089,0.083,0.086,0.845,0.746,0.867,0.866,0.873,0.749,0.85,0.732,0.701,0.673,0.813,0.693
Raw Data (600),4 h 20 min,0.938,0.946,0.825,0.837,0.603,0.85,0.862,0.812,0.874,0.898,0.836,0.927,0.756,0.695,0.737,0.696,0.755,0.717,0.95,0.781,0.982,0.773,0.964,0.772,0.605,0.654,0.75,0.632,0.756,0.641,0.856,0.796,0.988,0.844,0.773,0.814,0.583,0.629,0.608,0.593,0.61,0.592,0.806,0.78,0.766,0.75,0.762,0.78,0.571,0.581,0.593,0.578,0.563,0.635,0.747,0.75,0.795,0.84,0.716,0.752,0.577,0.718,0.672,0.616,0.584,0.584,0.789,0.719,0.671,0.673,0.698,0.757,0.084,0.082,0.083,0.087,0.084,0.084,0.083,0.085,0.083,0.09,0.083,0.086,0.834,0.73,0.848,0.835,0.843,0.707,0.826,0.699,0.687,0.679,0.823,0.698
Raw Data (600),4 h 30 min,0.952,0.961,0.854,0.841,0.575,0.871,0.873,0.832,0.874,0.869,0.817,0.903,0.781,0.723,0.757,0.719,0.795,0.737,0.979,0.835,0.993,0.824,0.944,0.783,0.613,0.708,0.764,0.653,0.764,0.659,0.871,0.821,0.99,0.847,0.758,0.818,0.597,0.668,0.633,0.621,0.647,0.628,0.843,0.818,0.797,0.789,0.794,0.811,0.6,0.583,0.605,0.577,0.567,0.631,0.731,0.732,0.781,0.813,0.705,0.743,0.59,0.738,0.682,0.607,0.585,0.588,0.797,0.711,0.66,0.665,0.709,0.768,0.083,0.082,0.082,0.086,0.084,0.083,0.083,0.084,0.083,0.089,0.082,0.086,0.844,0.747,0.866,0.863,0.869,0.734,0.844,0.731,0.706,0.682,0.827,0.702
Raw Data (600),4 h 40 min,0.988,0.994,0.873,0.879,0.588,0.899,0.898,0.858,0.908,0.9,0.845,0.923,0.791,0.75,0.79,0.734,0.81,0.746,0.99,0.845,1.004,0.836,0.957,0.793,0.602,0.667,0.76,0.652,0.772,0.661,0.853,0.802,0.997,0.851,0.77,0.818,0.615,0.675,0.649,0.622,0.642,0.641,0.845,0.813,0.796,0.793,0.799,0.826,0.599,0.582,0.606,0.578,0.583,0.63,0.731,0.737,0.779,0.816,0.713,0.749,0.586,0.735,0.682,0.615,0.591,0.591,0.814,0.718,0.668,0.66,0.705,0.751,0.084,0.083,0.083,0.087,0.084,0.083,0.083,0.083,0.083,0.089,0.082,0.086,0.855,0.752,0.88,0.87,0.867,0.743,0.85,0.733,0.724,0.698,0.86,0.725
Raw Data (600),4 h 50 min,0.984,1,0.9,0.901,0.59,0.922,0.923,0.89,0.934,0.922,0.867,0.939,0.788,0.785,0.815,0.768,0.85,0.776,1.003,0.866,1.013,0.855,0.961,0.811,0.624,0.647,0.798,0.657,0.764,0.674,0.855,0.816,1.038,0.871,0.786,0.834,0.609,0.672,0.64,0.623,0.646,0.624,0.844,0.823,0.795,0.798,0.798,0.816,0.589,0.58,0.596,0.567,0.556,0.616,0.716,0.718,0.754,0.786,0.69,0.726,0.583,0.732,0.673,0.61,0.586,0.588,0.793,0.708,0.658,0.675,0.716,0.765,0.083,0.083,0.083,0.086,0.084,0.083,0.083,0.085,0.084,0.09,0.083,0.086,0.839,0.768,0.868,0.856,0.858,0.739,0.83,0.733,0.701,0.674,0.803,0.685
Raw Data (600),5 h ,1.007,1.017,0.942,0.939,0.602,0.966,0.957,0.926,0.97,0.979,0.91,0.978,0.824,0.798,0.827,0.786,0.848,0.815,1.008,0.882,1.024,0.87,0.974,0.831,0.607,0.674,0.793,0.647,0.773,0.672,0.871,0.826,1.024,0.872,0.802,0.837,0.594,0.65,0.631,0.619,0.626,0.61,0.832,0.815,0.792,0.787,0.795,0.812,0.59,0.57,0.599,0.557,0.554,0.615,0.71,0.71,0.751,0.784,0.681,0.714,0.596,0.744,0.69,0.64,0.598,0.601,0.808,0.711,0.666,0.678,0.71,0.761,0.084,0.083,0.083,0.088,0.085,0.084,0.084,0.084,0.084,0.09,0.083,0.086,0.86,0.745,0.865,0.86,0.867,0.73,0.838,0.729,0.698,0.679,0.825,0.696
Raw Data (600),5 h 10 min,1.018,1.035,0.961,0.954,0.581,0.984,0.972,0.941,0.966,0.957,0.91,0.99,0.813,0.782,0.794,0.768,0.838,0.796,1.014,0.868,1.04,0.854,0.993,0.833,0.612,0.668,0.777,0.627,0.77,0.659,0.872,0.829,1.018,0.875,0.804,0.84,0.62,0.697,0.648,0.637,0.663,0.646,0.857,0.832,0.816,0.816,0.819,0.837,0.602,0.581,0.603,0.575,0.568,0.626,0.718,0.716,0.761,0.794,0.689,0.723,0.591,0.749,0.69,0.626,0.598,0.599,0.803,0.713,0.663,0.683,0.721,0.766,0.084,0.083,0.083,0.088,0.085,0.084,0.084,0.084,0.084,0.09,0.083,0.087,0.85,0.733,0.849,0.843,0.846,0.712,0.822,0.712,0.692,0.679,0.826,0.68
Raw Data (600),5 h 20 min,1.041,1.049,0.974,0.973,0.578,0.999,0.986,0.952,0.98,0.971,0.923,1.002,0.823,0.831,0.876,0.816,0.849,0.838,1.047,0.913,1.062,0.909,1.01,0.86,0.607,0.694,0.779,0.655,0.761,0.687,0.863,0.83,1.026,0.879,0.811,0.835,0.6,0.663,0.634,0.634,0.649,0.616,0.834,0.81,0.8,0.798,0.797,0.813,0.606,0.584,0.612,0.58,0.577,0.637,0.727,0.729,0.763,0.802,0.688,0.732,0.561,0.712,0.65,0.587,0.564,0.57,0.766,0.685,0.634,0.643,0.692,0.74,0.084,0.082,0.083,0.087,0.084,0.083,0.083,0.083,0.083,0.089,0.083,0.086,0.857,0.744,0.871,0.878,0.882,0.72,0.857,0.737,0.721,0.703,0.851,0.697
Raw Data (600),5 h 30 min,1.054,1.061,0.994,1.004,0.586,1.022,1.012,0.975,1.021,0.983,0.945,1.009,0.829,0.821,0.89,0.81,0.851,0.832,1.059,0.92,1.07,0.918,1.022,0.879,0.617,0.676,0.765,0.652,0.767,0.667,0.855,0.837,1.024,0.879,0.811,0.829,0.625,0.682,0.659,0.644,0.663,0.654,0.854,0.833,0.813,0.817,0.812,0.828,0.593,0.579,0.604,0.567,0.565,0.635,0.72,0.721,0.767,0.802,0.677,0.715,0.592,0.731,0.679,0.618,0.578,0.58,0.753,0.68,0.629,0.613,0.659,0.717,0.084,0.083,0.083,0.087,0.084,0.083,0.083,0.084,0.083,0.09,0.082,0.086,0.86,0.749,0.85,0.835,0.847,0.722,0.814,0.718,0.688,0.665,0.804,0.68
Raw Data (600),5 h 40 min,1.076,1.087,1.019,1.031,0.599,1.042,1.038,0.997,1.045,1.018,0.972,1.048,0.841,0.843,0.882,0.83,0.843,0.854,1.074,0.933,1.088,0.93,1.036,0.901,0.609,0.693,0.794,0.654,0.794,0.658,0.878,0.844,1.043,0.884,0.813,0.842,0.606,0.655,0.634,0.627,0.645,0.62,0.824,0.8,0.786,0.785,0.783,0.805,0.591,0.577,0.604,0.567,0.567,0.633,0.716,0.721,0.762,0.799,0.68,0.72,0.586,0.718,0.674,0.602,0.576,0.576,0.749,0.685,0.631,0.627,0.68,0.729,0.084,0.082,0.083,0.087,0.085,0.083,0.083,0.084,0.083,0.089,0.083,0.086,0.864,0.738,0.87,0.874,0.885,0.724,0.853,0.749,0.711,0.691,0.825,0.691
Raw Data (600),5 h 50 min,1.11,1.111,1.038,1.062,0.599,1.069,1.059,1.021,1.056,1.037,0.994,1.087,0.824,0.819,0.856,0.834,0.859,0.819,1.092,0.956,1.11,0.947,1.056,0.912,0.604,0.669,0.769,0.659,0.769,0.652,0.856,0.844,1.036,0.881,0.815,0.836,0.63,0.678,0.654,0.64,0.667,0.656,0.842,0.819,0.804,0.805,0.803,0.829,0.598,0.578,0.602,0.572,0.571,0.634,0.709,0.717,0.756,0.796,0.682,0.718,0.601,0.733,0.693,0.629,0.593,0.595,0.771,0.69,0.638,0.639,0.681,0.731,0.083,0.082,0.083,0.086,0.083,0.083,0.083,0.083,0.083,0.089,0.082,0.086,0.862,0.768,0.872,0.872,0.876,0.728,0.85,0.74,0.718,0.692,0.833,0.704
Raw Data (600),6 h ,1.11,1.122,1.068,1.078,0.597,1.093,1.079,1.046,1.088,1.048,1.008,1.089,0.825,0.813,0.864,0.841,0.875,0.861,1.105,0.959,1.127,0.941,1.08,0.932,0.65,0.692,0.755,0.641,0.781,0.653,0.856,0.843,1.038,0.884,0.827,0.838,0.618,0.673,0.651,0.637,0.645,0.638,0.831,0.805,0.795,0.8,0.797,0.821,0.606,0.576,0.597,0.563,0.563,0.623,0.695,0.703,0.747,0.783,0.664,0.7,0.599,0.742,0.688,0.626,0.596,0.605,0.771,0.694,0.633,0.637,0.685,0.734,0.084,0.083,0.083,0.086,0.084,0.083,0.084,0.084,0.083,0.086,0.083,0.086,0.858,0.762,0.861,0.849,0.861,0.732,0.82,0.74,0.693,0.672,0.806,0.68
Raw Data (600),6 h 10 min,1.137,1.147,1.093,1.112,0.602,1.118,1.105,1.095,1.129,1.091,1.05,1.109,0.823,0.875,0.913,0.834,0.869,0.841,1.117,0.978,1.14,0.97,1.082,0.943,0.644,0.658,0.754,0.674,0.764,0.665,0.849,0.843,1.039,0.886,0.832,0.845,0.623,0.667,0.645,0.63,0.637,0.637,0.82,0.796,0.777,0.79,0.782,0.807,0.595,0.572,0.594,0.558,0.563,0.613,0.69,0.696,0.732,0.767,0.657,0.694,0.582,0.73,0.675,0.623,0.591,0.593,0.761,0.689,0.64,0.653,0.683,0.739,0.084,0.082,0.083,0.088,0.084,0.083,0.082,0.083,0.083,0.089,0.083,0.086,0.86,0.745,0.856,0.851,0.863,0.723,0.826,0.735,0.705,0.687,0.822,0.686
Raw Data (600),6 h 20 min,1.146,1.16,1.113,1.119,0.586,1.136,1.117,1.095,1.129,1.075,1.041,1.117,0.864,0.834,0.882,0.812,0.903,0.824,1.139,0.99,1.15,0.979,1.101,0.962,0.644,0.697,0.755,0.668,0.78,0.709,0.841,0.835,1.029,0.872,0.82,0.834,0.634,0.687,0.656,0.649,0.67,0.654,0.834,0.812,0.795,0.814,0.797,0.821,0.609,0.579,0.605,0.577,0.567,0.628,0.706,0.71,0.75,0.79,0.673,0.713,0.598,0.734,0.687,0.625,0.593,0.598,0.761,0.683,0.624,0.628,0.667,0.715,0.083,0.082,0.083,0.086,0.085,0.083,0.083,0.084,0.083,0.091,0.084,0.087,0.847,0.738,0.835,0.824,0.831,0.694,0.802,0.7,0.661,0.65,0.787,0.643
Raw Data (600),6 h 30 min,1.17,1.179,1.115,1.133,0.583,1.137,1.126,1.089,1.13,1.091,1.053,1.128,0.87,0.838,0.885,0.838,0.994,0.832,1.154,1.009,1.165,0.996,1.112,0.967,0.653,0.743,0.777,0.681,0.787,0.732,0.854,0.843,1.05,0.877,0.823,0.835,0.624,0.67,0.646,0.633,0.656,0.632,0.813,0.785,0.776,0.785,0.771,0.794,0.602,0.579,0.602,0.563,0.565,0.621,0.698,0.703,0.742,0.774,0.661,0.703,0.573,0.729,0.658,0.596,0.577,0.569,0.755,0.678,0.625,0.629,0.683,0.731,0.083,0.082,0.082,0.086,0.084,0.083,0.083,0.084,0.083,0.088,0.083,0.086,0.871,0.755,0.861,0.854,0.867,0.73,0.836,0.748,0.714,0.691,0.824,0.697
Raw Data (600),6 h 40 min,1.197,1.204,1.142,1.166,0.597,1.163,1.154,1.127,1.156,1.108,1.073,1.15,0.91,0.856,0.852,0.84,0.995,0.857,1.163,1.014,1.177,1,1.129,0.987,0.638,0.722,0.757,0.692,0.78,0.713,0.846,0.84,1.035,0.871,0.822,0.841,0.624,0.673,0.652,0.632,0.65,0.638,0.81,0.789,0.774,0.782,0.773,0.795,0.582,0.565,0.59,0.551,0.554,0.607,0.682,0.687,0.728,0.758,0.644,0.685,0.596,0.735,0.685,0.64,0.602,0.597,0.768,0.69,0.637,0.637,0.676,0.721,0.083,0.082,0.084,0.088,0.084,0.083,0.084,0.084,0.083,0.088,0.083,0.086,0.856,0.738,0.838,0.828,0.834,0.707,0.8,0.709,0.676,0.657,0.784,0.655
Raw Data (600),6 h 50 min,1.217,1.223,1.163,1.177,0.597,1.182,1.173,1.147,1.179,1.119,1.091,1.172,0.954,0.894,0.89,0.828,0.926,0.895,1.179,1.018,1.194,1.003,1.141,0.991,0.626,0.708,0.769,0.689,0.776,0.698,0.829,0.831,1.039,0.862,0.808,0.83,0.635,0.679,0.652,0.656,0.672,0.653,0.817,0.793,0.774,0.793,0.774,0.797,0.591,0.568,0.597,0.568,0.559,0.628,0.7,0.711,0.749,0.788,0.665,0.706,0.594,0.728,0.677,0.609,0.585,0.587,0.738,0.675,0.619,0.611,0.67,0.71,0.083,0.082,0.083,0.088,0.084,0.083,0.083,0.084,0.083,0.089,0.083,0.086,0.861,0.759,0.865,0.851,0.87,0.726,0.835,0.744,0.702,0.674,0.808,0.675
Raw Data (600),7 h ,1.245,1.25,1.181,1.2,0.601,1.196,1.188,1.163,1.188,1.134,1.107,1.184,0.99,0.915,0.917,0.832,0.962,0.956,1.193,1.036,1.202,1.03,1.158,1.016,0.647,0.715,0.765,0.696,0.769,0.698,0.825,0.829,1.026,0.864,0.823,0.83,0.631,0.664,0.644,0.631,0.654,0.638,0.803,0.775,0.76,0.773,0.762,0.79,0.598,0.581,0.597,0.57,0.568,0.636,0.7,0.704,0.742,0.778,0.659,0.698,0.59,0.723,0.678,0.62,0.59,0.593,0.746,0.682,0.625,0.634,0.668,0.717,0.083,0.082,0.083,0.087,0.084,0.083,0.083,0.084,0.084,0.088,0.083,0.087,0.876,0.752,0.869,0.872,0.879,0.736,0.851,0.759,0.73,0.713,0.856,0.705
Raw Data (600),7 h 10 min,1.256,1.267,1.208,1.226,0.595,1.222,1.207,1.185,1.201,1.139,1.11,1.208,1.01,0.918,0.946,0.912,1.044,0.961,1.206,1.04,1.216,1.03,1.175,1.017,0.645,0.712,0.767,0.697,0.774,0.699,0.822,0.834,1.036,0.866,0.817,0.825,0.636,0.685,0.655,0.645,0.667,0.662,0.812,0.784,0.772,0.788,0.775,0.798,0.609,0.572,0.599,0.567,0.562,0.624,0.696,0.699,0.738,0.776,0.659,0.697,0.594,0.734,0.687,0.625,0.593,0.593,0.749,0.677,0.62,0.622,0.655,0.709,0.084,0.083,0.084,0.087,0.084,0.083,0.083,0.083,0.083,0.085,0.083,0.087,0.87,0.76,0.869,0.858,0.865,0.732,0.834,0.748,0.711,0.689,0.824,0.688
Raw Data (600),7 h 20 min,1.291,1.295,1.23,1.256,0.612,1.252,1.242,1.225,1.248,1.19,1.159,1.257,1.03,0.917,0.993,0.947,1.09,1.001,1.218,1.048,1.234,1.045,1.188,1.032,0.658,0.727,0.776,0.706,0.779,0.71,0.827,0.83,1.033,0.862,0.805,0.824,0.641,0.678,0.658,0.638,0.653,0.647,0.797,0.771,0.759,0.769,0.757,0.781,0.609,0.574,0.6,0.569,0.565,0.633,0.698,0.703,0.748,0.784,0.658,0.699,0.588,0.723,0.681,0.616,0.591,0.589,0.75,0.679,0.624,0.627,0.658,0.704,0.085,0.083,0.083,0.088,0.085,0.084,0.084,0.085,0.084,0.089,0.083,0.087,0.872,0.747,0.853,0.853,0.863,0.73,0.829,0.741,0.71,0.696,0.824,0.683
Raw Data (600),7 h 30 min,1.31,1.321,1.244,1.26,0.593,1.265,1.256,1.213,1.255,1.183,1.149,1.28,1.04,0.962,1.016,0.965,1.064,0.995,1.224,1.056,1.245,1.043,1.19,1.033,0.655,0.711,0.772,0.692,0.778,0.706,0.821,0.831,1.029,0.866,0.818,0.829,0.636,0.677,0.663,0.643,0.667,0.641,0.797,0.781,0.763,0.768,0.764,0.788,0.602,0.573,0.596,0.558,0.565,0.618,0.692,0.696,0.725,0.77,0.649,0.698,0.596,0.739,0.689,0.629,0.598,0.596,0.763,0.689,0.633,0.642,0.686,0.735,0.083,0.083,0.083,0.087,0.084,0.083,0.083,0.085,0.084,0.09,0.084,0.086,0.865,0.747,0.852,0.844,0.861,0.73,0.83,0.736,0.707,0.696,0.834,0.677
Raw Data (600),7 h 40 min,1.323,1.332,1.274,1.278,0.595,1.282,1.268,1.243,1.265,1.19,1.154,1.297,1.059,0.989,1.06,0.991,1.077,1.017,1.247,1.065,1.26,1.06,1.214,1.048,0.659,0.711,0.773,0.685,0.77,0.706,0.821,0.831,1.035,0.868,0.826,0.842,0.627,0.68,0.659,0.651,0.674,0.653,0.802,0.774,0.766,0.773,0.767,0.793,0.603,0.571,0.593,0.557,0.565,0.617,0.689,0.693,0.726,0.765,0.649,0.693,0.577,0.72,0.668,0.611,0.583,0.579,0.747,0.677,0.613,0.621,0.673,0.712,0.084,0.082,0.082,0.086,0.084,0.083,0.083,0.084,0.083,0.088,0.083,0.086,0.874,0.751,0.865,0.871,0.879,0.73,0.855,0.755,0.72,0.695,0.833,0.674
Raw Data (600),7 h 50 min,1.349,1.36,1.292,1.319,0.62,1.303,1.294,1.26,1.286,1.226,1.175,1.327,1.075,1.031,1.101,1.018,1.123,1.043,1.26,1.069,1.27,1.074,1.229,1.053,0.675,0.723,0.781,0.697,0.782,0.71,0.817,0.827,1.034,0.866,0.824,0.83,0.641,0.682,0.659,0.642,0.672,0.648,0.798,0.766,0.751,0.761,0.749,0.782,0.597,0.579,0.597,0.564,0.572,0.63,0.703,0.708,0.736,0.774,0.653,0.695,0.591,0.725,0.676,0.631,0.59,0.592,0.735,0.675,0.624,0.62,0.661,0.702,0.084,0.083,0.083,0.087,0.084,0.083,0.083,0.084,0.083,0.09,0.084,0.087,0.872,0.747,0.849,0.844,0.852,0.717,0.816,0.73,0.688,0.669,0.785,0.652
Raw Data (600),8 h ,1.358,1.363,1.312,1.321,0.611,1.316,1.296,1.272,1.29,1.224,1.168,1.33,1.091,1.057,1.078,1.022,1.105,1.072,1.261,1.076,1.276,1.083,1.236,1.071,0.635,0.707,0.765,0.679,0.765,0.698,0.799,0.82,1.041,0.864,0.804,0.828,0.606,0.639,0.627,0.611,0.629,0.61,0.761,0.729,0.732,0.738,0.725,0.761,0.58,0.576,0.581,0.557,0.569,0.622,0.689,0.702,0.731,0.779,0.653,0.696,0.582,0.72,0.672,0.617,0.586,0.584,0.731,0.681,0.62,0.627,0.66,0.707,0.084,0.083,0.083,0.088,0.084,0.083,0.084,0.083,0.083,0.084,0.083,0.086,0.859,0.735,0.827,0.826,0.838,0.719,0.805,0.736,0.685,0.665,0.796,0.649
Raw Data (600),8 h 10 min,1.381,1.388,1.333,1.352,0.613,1.336,1.319,1.28,1.313,1.25,1.188,1.351,1.101,1.065,1.095,1.062,1.143,1.102,1.286,1.087,1.296,1.097,1.255,1.083,0.67,0.726,0.78,0.694,0.784,0.703,0.805,0.824,1.03,0.856,0.813,0.829,0.643,0.666,0.651,0.634,0.656,0.646,0.783,0.758,0.746,0.756,0.746,0.773,0.598,0.572,0.596,0.573,0.565,0.635,0.708,0.712,0.749,0.786,0.659,0.696,0.596,0.736,0.682,0.625,0.597,0.596,0.757,0.684,0.626,0.632,0.668,0.721,0.084,0.083,0.084,0.087,0.085,0.084,0.084,0.084,0.085,0.088,0.084,0.087,0.875,0.764,0.86,0.845,0.864,0.739,0.833,0.762,0.727,0.71,0.848,0.702
Raw Data (600),8 h 20 min,1.392,1.403,1.352,1.357,0.601,1.36,1.333,1.3,1.346,1.274,1.202,1.374,1.117,1.061,1.101,1.081,1.171,1.106,1.287,1.087,1.302,1.093,1.274,1.085,0.675,0.723,0.785,0.701,0.792,0.708,0.802,0.825,1.036,0.854,0.809,0.819,0.641,0.688,0.663,0.648,0.675,0.661,0.792,0.769,0.755,0.77,0.753,0.785,0.602,0.569,0.594,0.559,0.56,0.619,0.689,0.696,0.729,0.773,0.653,0.693,0.573,0.72,0.667,0.603,0.575,0.579,0.745,0.682,0.612,0.628,0.682,0.698,0.084,0.083,0.083,0.087,0.084,0.083,0.083,0.083,0.083,0.085,0.083,0.087,0.881,0.754,0.864,0.864,0.871,0.728,0.835,0.751,0.713,0.684,0.819,0.676
Raw Data (600),8 h 30 min,1.417,1.421,1.369,1.394,0.624,1.394,1.378,1.342,1.379,1.314,1.233,1.417,1.121,1.088,1.11,1.093,1.169,1.114,1.302,1.099,1.309,1.11,1.274,1.095,0.685,0.736,0.793,0.706,0.795,0.725,0.816,0.825,1.039,0.866,0.812,0.838,0.636,0.677,0.652,0.646,0.669,0.652,0.783,0.751,0.746,0.757,0.744,0.773,0.609,0.569,0.597,0.552,0.563,0.617,0.685,0.688,0.721,0.762,0.642,0.687,0.602,0.739,0.689,0.628,0.6,0.599,0.746,0.676,0.623,0.618,0.663,0.709,0.084,0.083,0.083,0.087,0.084,0.084,0.083,0.084,0.084,0.084,0.083,0.087,0.869,0.766,0.857,0.847,0.857,0.742,0.819,0.762,0.704,0.679,0.808,0.677
Raw Data (600),8 h 40 min,1.426,1.433,1.39,1.406,0.607,1.404,1.385,1.347,1.391,1.322,1.251,1.425,1.124,1.083,1.097,1.101,1.158,1.101,1.32,1.108,1.341,1.111,1.308,1.113,0.666,0.712,0.768,0.68,0.773,0.698,0.789,0.809,1.017,0.859,0.806,0.834,0.621,0.665,0.647,0.64,0.661,0.641,0.779,0.744,0.745,0.751,0.741,0.775,0.593,0.573,0.577,0.55,0.563,0.611,0.676,0.687,0.714,0.756,0.638,0.678,0.59,0.725,0.683,0.628,0.601,0.595,0.744,0.685,0.627,0.632,0.661,0.709,0.083,0.083,0.083,0.086,0.084,0.083,0.083,0.083,0.084,0.086,0.083,0.086,0.858,0.739,0.832,0.828,0.836,0.711,0.802,0.718,0.683,0.674,0.815,0.649
Raw Data (600),8 h 50 min,1.444,1.447,1.407,1.413,0.602,1.421,1.401,1.374,1.417,1.358,1.281,1.445,1.142,1.109,1.113,1.115,1.171,1.11,1.321,1.119,1.333,1.133,1.307,1.123,0.689,0.737,0.792,0.705,0.792,0.716,0.795,0.817,1.032,0.856,0.811,0.828,0.642,0.684,0.667,0.657,0.687,0.66,0.789,0.757,0.757,0.768,0.752,0.779,0.606,0.574,0.595,0.561,0.569,0.625,0.7,0.708,0.731,0.779,0.661,0.703,0.572,0.708,0.652,0.593,0.57,0.567,0.72,0.662,0.601,0.594,0.654,0.69,0.083,0.083,0.083,0.086,0.085,0.083,0.083,0.084,0.084,0.088,0.083,0.086,0.88,0.763,0.862,0.862,0.875,0.74,0.841,0.765,0.717,0.685,0.819,0.677
Raw Data (600),9 h ,1.451,1.458,1.412,1.44,0.612,1.424,1.417,1.396,1.419,1.357,1.287,1.434,1.144,1.117,1.124,1.125,1.185,1.122,1.344,1.129,1.351,1.146,1.322,1.135,0.694,0.743,0.798,0.711,0.802,0.728,0.807,0.825,1.035,0.862,0.821,0.824,0.659,0.696,0.671,0.656,0.678,0.651,0.787,0.757,0.745,0.756,0.745,0.769,0.594,0.576,0.594,0.564,0.567,0.632,0.706,0.712,0.738,0.785,0.656,0.698,0.572,0.71,0.643,0.589,0.57,0.57,0.717,0.669,0.608,0.602,0.664,0.707,0.083,0.082,0.084,0.085,0.084,0.083,0.083,0.084,0.083,0.088,0.084,0.086,0.872,0.761,0.848,0.841,0.85,0.739,0.816,0.758,0.707,0.687,0.81,0.681
Raw Data (600),9 h 10 min,1.468,1.471,1.427,1.456,0.616,1.433,1.419,1.406,1.432,1.369,1.302,1.448,1.149,1.116,1.128,1.128,1.177,1.128,1.343,1.139,1.358,1.156,1.332,1.141,0.693,0.751,0.811,0.717,0.81,0.74,0.808,0.82,1.052,0.871,0.822,0.833,0.637,0.671,0.655,0.636,0.658,0.637,0.764,0.737,0.73,0.735,0.727,0.753,0.601,0.568,0.594,0.564,0.565,0.629,0.698,0.703,0.74,0.781,0.651,0.691,0.576,0.716,0.66,0.6,0.58,0.572,0.73,0.669,0.616,0.616,0.668,0.714,0.084,0.083,0.084,0.088,0.084,0.083,0.083,0.084,0.082,0.089,0.083,0.087,0.871,0.76,0.852,0.842,0.852,0.743,0.821,0.762,0.714,0.681,0.814,0.682
Raw Data (600),9 h 20 min,1.486,1.487,1.445,1.456,0.615,1.443,1.433,1.419,1.441,1.389,1.32,1.47,1.145,1.118,1.131,1.126,1.173,1.134,1.354,1.142,1.37,1.163,1.337,1.149,0.702,0.754,0.805,0.723,0.811,0.74,0.811,0.813,1.046,0.862,0.811,0.837,0.647,0.685,0.675,0.659,0.681,0.665,0.784,0.756,0.751,0.757,0.745,0.771,0.604,0.566,0.59,0.557,0.558,0.609,0.691,0.687,0.72,0.761,0.645,0.689,0.568,0.713,0.658,0.598,0.579,0.575,0.736,0.677,0.623,0.641,0.685,0.708,0.083,0.083,0.084,0.088,0.085,0.084,0.083,0.084,0.084,0.085,0.084,0.087,0.878,0.763,0.862,0.852,0.862,0.749,0.827,0.76,0.724,0.695,0.827,0.687
Raw Data (600),9 h 30 min,1.497,1.506,1.453,1.468,0.612,1.462,1.446,1.445,1.466,1.415,1.339,1.491,1.148,1.124,1.133,1.131,1.177,1.138,1.363,1.146,1.379,1.169,1.349,1.159,0.712,0.751,0.814,0.715,0.815,0.74,0.808,0.821,1.05,0.874,0.818,0.842,0.649,0.689,0.665,0.655,0.677,0.658,0.787,0.749,0.748,0.759,0.743,0.773,0.615,0.574,0.596,0.562,0.564,0.624,0.698,0.699,0.725,0.773,0.656,0.7,0.611,0.736,0.688,0.629,0.603,0.599,0.748,0.679,0.627,0.62,0.662,0.705,0.084,0.082,0.083,0.086,0.084,0.083,0.084,0.084,0.084,0.085,0.083,0.087,0.869,0.772,0.862,0.85,0.86,0.748,0.821,0.769,0.707,0.676,0.793,0.671
Raw Data (600),9 h 40 min,1.52,1.527,1.482,1.5,0.633,1.495,1.478,1.487,1.504,1.446,1.376,1.507,1.155,1.13,1.142,1.138,1.181,1.153,1.381,1.161,1.389,1.187,1.361,1.175,0.706,0.754,0.807,0.724,0.808,0.738,0.793,0.816,1.042,0.866,0.809,0.832,0.651,0.678,0.666,0.651,0.68,0.678,0.784,0.748,0.752,0.758,0.75,0.777,0.61,0.572,0.596,0.564,0.566,0.627,0.7,0.701,0.731,0.78,0.659,0.699,0.608,0.735,0.691,0.626,0.597,0.605,0.754,0.683,0.629,0.625,0.662,0.7,0.084,0.083,0.085,0.086,0.085,0.084,0.084,0.085,0.084,0.085,0.084,0.087,0.876,0.779,0.864,0.862,0.866,0.747,0.835,0.77,0.726,0.698,0.831,0.701
Raw Data (600),9 h 50 min,1.526,1.53,1.485,1.492,0.614,1.489,1.467,1.477,1.49,1.451,1.387,1.514,1.159,1.136,1.151,1.142,1.186,1.158,1.379,1.172,1.398,1.198,1.373,1.184,0.715,0.761,0.813,0.724,0.814,0.741,0.798,0.82,1.042,0.873,0.819,0.84,0.641,0.682,0.659,0.649,0.67,0.651,0.781,0.744,0.743,0.756,0.739,0.775,0.613,0.565,0.591,0.554,0.564,0.619,0.687,0.69,0.725,0.768,0.647,0.689,0.607,0.733,0.693,0.625,0.599,0.6,0.744,0.676,0.619,0.606,0.659,0.702,0.084,0.083,0.083,0.087,0.085,0.084,0.084,0.085,0.084,0.085,0.083,0.087,0.853,0.741,0.829,0.819,0.833,0.719,0.794,0.733,0.66,0.646,0.796,0.622
Raw Data (600),10 h ,1.538,1.542,1.497,1.497,0.607,1.505,1.486,1.49,1.506,1.466,1.406,1.52,1.166,1.144,1.159,1.149,1.197,1.165,1.386,1.181,1.404,1.204,1.378,1.195,0.72,0.76,0.811,0.722,0.815,0.743,0.788,0.818,1.042,0.87,0.82,0.837,0.647,0.687,0.672,0.659,0.689,0.663,0.788,0.75,0.754,0.77,0.75,0.785,0.609,0.573,0.595,0.559,0.566,0.621,0.701,0.708,0.726,0.777,0.657,0.703,0.582,0.718,0.667,0.608,0.592,0.588,0.739,0.688,0.633,0.614,0.682,0.72,0.084,0.083,0.083,0.087,0.084,0.083,0.084,0.084,0.083,0.084,0.084,0.087,0.882,0.77,0.863,0.861,0.866,0.744,0.835,0.775,0.719,0.695,0.826,0.692
Raw Data (600),10 h 10 min,1.544,1.554,1.502,1.527,0.611,1.505,1.495,1.499,1.513,1.469,1.407,1.514,1.173,1.153,1.169,1.163,1.21,1.177,1.409,1.192,1.421,1.218,1.399,1.21,0.727,0.765,0.818,0.732,0.821,0.752,0.798,0.822,1.049,0.88,0.826,0.847,0.67,0.72,0.68,0.679,0.699,0.677,0.802,0.758,0.754,0.772,0.751,0.778,0.6,0.564,0.59,0.555,0.553,0.622,0.691,0.698,0.732,0.771,0.654,0.692,0.604,0.739,0.681,0.627,0.605,0.606,0.754,0.695,0.632,0.624,0.676,0.713,0.084,0.083,0.084,0.086,0.085,0.084,0.084,0.084,0.084,0.09,0.083,0.087,0.855,0.752,0.835,0.818,0.821,0.736,0.79,0.742,0.657,0.642,0.782,0.631
Raw Data (600),10 h 20 min,1.559,1.562,1.514,1.515,0.615,1.509,1.493,1.512,1.516,1.476,1.411,1.524,1.173,1.149,1.167,1.156,1.204,1.173,1.41,1.195,1.424,1.219,1.402,1.214,0.721,0.769,0.828,0.731,0.825,0.751,0.801,0.813,1.067,0.885,0.815,0.837,0.651,0.679,0.667,0.648,0.672,0.657,0.775,0.744,0.746,0.76,0.738,0.77,0.6,0.564,0.591,0.558,0.565,0.627,0.698,0.707,0.737,0.785,0.653,0.7,0.575,0.706,0.656,0.591,0.565,0.57,0.725,0.667,0.601,0.609,0.666,0.68,0.084,0.082,0.083,0.086,0.084,0.083,0.083,0.083,0.083,0.089,0.083,0.086,0.88,0.761,0.858,0.859,0.871,0.745,0.826,0.785,0.712,0.689,0.808,0.678
Raw Data (600),10 h 30 min,1.578,1.574,1.523,1.547,0.636,1.53,1.524,1.536,1.54,1.501,1.435,1.554,1.177,1.156,1.176,1.168,1.21,1.184,1.417,1.206,1.429,1.236,1.415,1.229,0.738,0.778,0.825,0.746,0.828,0.766,0.812,0.824,1.059,0.889,0.831,0.846,0.665,0.696,0.682,0.665,0.689,0.669,0.796,0.753,0.754,0.771,0.752,0.792,0.604,0.566,0.591,0.561,0.568,0.621,0.693,0.702,0.729,0.774,0.656,0.703,0.607,0.732,0.681,0.628,0.598,0.602,0.75,0.679,0.624,0.619,0.661,0.696,0.083,0.082,0.084,0.087,0.084,0.083,0.083,0.083,0.083,0.085,0.083,0.086,0.884,0.773,0.871,0.869,0.884,0.754,0.847,0.805,0.73,0.702,0.84,0.707
Raw Data (600),10 h 40 min,1.579,1.578,1.534,1.537,0.633,1.527,1.512,1.524,1.526,1.496,1.433,1.544,1.186,1.161,1.182,1.173,1.219,1.187,1.429,1.219,1.444,1.245,1.433,1.244,0.737,0.771,0.821,0.743,0.827,0.757,0.796,0.819,1.056,0.888,0.829,0.845,0.654,0.676,0.661,0.635,0.663,0.639,0.77,0.739,0.738,0.753,0.737,0.763,0.595,0.555,0.575,0.541,0.547,0.6,0.67,0.672,0.706,0.742,0.637,0.682,0.607,0.738,0.689,0.639,0.606,0.603,0.752,0.685,0.63,0.633,0.666,0.706,0.083,0.083,0.084,0.085,0.084,0.083,0.083,0.083,0.084,0.085,0.083,0.086,0.883,0.768,0.864,0.858,0.864,0.754,0.834,0.808,0.717,0.695,0.826,0.693
Raw Data (600),10 h 50 min,1.593,1.589,1.544,1.554,0.623,1.546,1.535,1.557,1.555,1.522,1.451,1.554,1.186,1.17,1.188,1.181,1.224,1.191,1.426,1.226,1.433,1.251,1.418,1.244,0.738,0.773,0.823,0.734,0.819,0.757,0.791,0.819,1.048,0.89,0.83,0.855,0.655,0.691,0.673,0.658,0.687,0.666,0.793,0.752,0.756,0.776,0.758,0.794,0.605,0.567,0.592,0.561,0.564,0.62,0.693,0.7,0.724,0.768,0.652,0.694,0.609,0.735,0.686,0.628,0.6,0.603,0.739,0.683,0.625,0.62,0.662,0.701,0.084,0.082,0.084,0.085,0.084,0.083,0.083,0.085,0.083,0.087,0.083,0.086,0.867,0.766,0.859,0.851,0.858,0.75,0.811,0.817,0.696,0.668,0.787,0.669
Raw Data (600),11 h ,1.594,1.591,1.548,1.548,0.615,1.538,1.526,1.537,1.535,1.512,1.453,1.551,1.188,1.176,1.195,1.191,1.234,1.202,1.426,1.238,1.444,1.265,1.429,1.261,0.742,0.77,0.83,0.724,0.828,0.768,0.797,0.826,1.058,0.895,0.832,0.862,0.651,0.676,0.66,0.635,0.66,0.638,0.775,0.743,0.745,0.761,0.744,0.783,0.605,0.568,0.59,0.553,0.558,0.615,0.688,0.688,0.717,0.762,0.645,0.689,0.579,0.725,0.66,0.609,0.579,0.575,0.746,0.682,0.625,0.626,0.686,0.731,0.085,0.083,0.084,0.086,0.085,0.084,0.083,0.084,0.083,0.085,0.083,0.086,0.864,0.749,0.842,0.831,0.842,0.731,0.81,0.813,0.706,0.688,0.821,0.672
Raw Data (600),11 h 10 min,1.599,1.595,1.552,1.565,0.639,1.544,1.538,1.547,1.55,1.521,1.463,1.549,1.192,1.182,1.204,1.203,1.244,1.212,1.446,1.251,1.452,1.277,1.444,1.281,0.75,0.783,0.829,0.735,0.835,0.779,0.801,0.827,1.063,0.898,0.835,0.853,0.661,0.68,0.664,0.647,0.67,0.649,0.78,0.75,0.748,0.763,0.75,0.78,0.591,0.565,0.589,0.56,0.563,0.626,0.7,0.706,0.734,0.779,0.655,0.697,0.569,0.7,0.645,0.588,0.564,0.56,0.716,0.669,0.608,0.614,0.668,0.712,0.083,0.082,0.083,0.085,0.084,0.083,0.083,0.083,0.083,0.089,0.083,0.086,0.872,0.768,0.85,0.833,0.847,0.751,0.815,0.837,0.71,0.684,0.825,0.69
Raw Data (600),11 h 20 min,1.601,1.601,1.559,1.572,0.623,1.554,1.544,1.55,1.568,1.53,1.472,1.561,1.192,1.183,1.202,1.199,1.246,1.209,1.451,1.261,1.45,1.277,1.444,1.282,0.751,0.785,0.83,0.744,0.838,0.774,0.794,0.824,1.069,0.902,0.834,0.855,0.675,0.716,0.682,0.669,0.688,0.675,0.801,0.766,0.763,0.777,0.763,0.785,0.594,0.559,0.587,0.556,0.561,0.621,0.69,0.697,0.73,0.781,0.653,0.692,0.579,0.719,0.655,0.599,0.575,0.574,0.726,0.672,0.615,0.619,0.681,0.693,0.084,0.084,0.084,0.087,0.084,0.083,0.084,0.084,0.084,0.089,0.084,0.087,0.881,0.761,0.856,0.848,0.854,0.757,0.819,0.842,0.713,0.686,0.801,0.67
Raw Data (600),11 h 30 min,1.614,1.615,1.574,1.579,0.645,1.559,1.549,1.562,1.567,1.539,1.484,1.571,1.196,1.186,1.207,1.205,1.251,1.209,1.447,1.266,1.455,1.291,1.446,1.291,0.741,0.786,0.833,0.74,0.827,0.767,0.788,0.825,1.083,0.916,0.837,0.849,0.65,0.677,0.665,0.644,0.664,0.653,0.777,0.748,0.751,0.762,0.751,0.78,0.6,0.563,0.578,0.549,0.552,0.614,0.679,0.69,0.714,0.764,0.642,0.687,0.602,0.729,0.675,0.622,0.595,0.594,0.74,0.674,0.62,0.621,0.654,0.695,0.084,0.082,0.083,0.085,0.085,0.083,0.083,0.084,0.084,0.084,0.083,0.087,0.871,0.756,0.854,0.842,0.861,0.749,0.819,0.856,0.719,0.697,0.819,0.695
Raw Data (600),11 h 40 min,1.63,1.623,1.574,1.591,0.647,1.569,1.565,1.573,1.583,1.546,1.495,1.589,1.203,1.182,1.206,1.203,1.246,1.209,1.466,1.278,1.474,1.288,1.467,1.311,0.762,0.789,0.839,0.748,0.845,0.787,0.799,0.837,1.081,0.915,0.847,0.871,0.659,0.683,0.671,0.653,0.674,0.676,0.789,0.756,0.757,0.769,0.757,0.789,0.605,0.562,0.585,0.552,0.56,0.614,0.678,0.685,0.716,0.756,0.647,0.69,0.61,0.738,0.695,0.636,0.609,0.609,0.764,0.692,0.636,0.625,0.667,0.709,0.084,0.083,0.083,0.086,0.085,0.084,0.084,0.085,0.084,0.086,0.084,0.087,0.887,0.767,0.871,0.872,0.879,0.767,0.848,0.889,0.738,0.714,0.852,0.725
Raw Data (600),11 h 50 min,1.623,1.617,1.58,1.582,0.628,1.562,1.551,1.561,1.568,1.547,1.49,1.574,1.196,1.196,1.22,1.216,1.259,1.218,1.443,1.283,1.459,1.298,1.452,1.311,0.755,0.783,0.839,0.742,0.84,0.778,0.795,0.843,1.081,0.922,0.859,0.869,0.659,0.695,0.672,0.663,0.691,0.664,0.799,0.768,0.767,0.789,0.772,0.812,0.613,0.571,0.591,0.561,0.565,0.614,0.692,0.694,0.718,0.765,0.652,0.699,0.603,0.738,0.689,0.627,0.598,0.597,0.75,0.685,0.633,0.631,0.675,0.718,0.083,0.083,0.084,0.086,0.084,0.084,0.083,0.084,0.084,0.084,0.084,0.087,0.873,0.763,0.861,0.86,0.87,0.758,0.834,0.904,0.731,0.7,0.817,0.707
Raw Data (600),12 h ,1.622,1.623,1.591,1.594,0.639,1.586,1.575,1.587,1.589,1.555,1.514,1.584,1.196,1.194,1.216,1.217,1.256,1.216,1.441,1.285,1.453,1.298,1.448,1.314,0.755,0.781,0.835,0.738,0.84,0.781,0.79,0.838,1.073,0.922,0.855,0.88,0.655,0.692,0.672,0.661,0.684,0.671,0.796,0.763,0.767,0.785,0.774,0.812,0.614,0.568,0.591,0.557,0.564,0.616,0.692,0.695,0.716,0.764,0.65,0.697,0.587,0.726,0.667,0.612,0.59,0.583,0.747,0.682,0.623,0.623,0.683,0.721,0.084,0.083,0.084,0.085,0.084,0.083,0.083,0.083,0.083,0.087,0.083,0.086,0.873,0.768,0.868,0.854,0.862,0.765,0.819,0.92,0.731,0.702,0.823,0.713
Raw Data (600),12 h 10 min,1.634,1.627,1.588,1.6,0.635,1.583,1.569,1.583,1.599,1.563,1.517,1.595,1.199,1.199,1.223,1.226,1.264,1.226,1.46,1.3,1.461,1.31,1.459,1.323,0.767,0.804,0.845,0.752,0.855,0.797,0.807,0.849,1.092,0.934,0.89,0.889,0.677,0.705,0.686,0.663,0.68,0.667,0.796,0.762,0.765,0.778,0.767,0.804,0.603,0.555,0.579,0.545,0.552,0.603,0.681,0.678,0.704,0.75,0.64,0.685,0.606,0.732,0.677,0.634,0.601,0.596,0.738,0.681,0.633,0.634,0.649,0.709,0.084,0.083,0.084,0.086,0.084,0.084,0.084,0.085,0.084,0.088,0.084,0.087,0.86,0.753,0.84,0.837,0.849,0.739,0.803,0.924,0.706,0.685,0.807,0.678
Raw Data (600),12 h 20 min,1.629,1.627,1.586,1.592,0.626,1.574,1.564,1.578,1.579,1.559,1.51,1.597,1.199,1.208,1.228,1.227,1.272,1.23,1.458,1.305,1.472,1.317,1.46,1.333,0.768,0.792,0.847,0.741,0.856,0.795,0.801,0.846,1.088,0.935,0.896,0.884,0.652,0.675,0.663,0.644,0.672,0.653,0.79,0.759,0.764,0.776,0.765,0.805,0.617,0.575,0.593,0.559,0.565,0.623,0.696,0.697,0.725,0.77,0.653,0.698,0.576,0.722,0.657,0.612,0.585,0.581,0.763,0.698,0.638,0.652,0.674,0.749,0.084,0.083,0.083,0.088,0.084,0.083,0.084,0.084,0.083,0.088,0.084,0.086,0.88,0.764,0.855,0.853,0.87,0.761,0.824,0.953,0.72,0.699,0.816,0.699
Raw Data (600),12 h 30 min,1.642,1.633,1.594,1.597,0.641,1.581,1.567,1.586,1.584,1.56,1.514,1.604,1.199,1.206,1.226,1.23,1.265,1.229,1.46,1.31,1.468,1.317,1.458,1.334,0.77,0.797,0.845,0.739,0.849,0.795,0.797,0.847,1.09,0.935,0.897,0.89,0.666,0.691,0.68,0.659,0.68,0.672,0.798,0.77,0.773,0.788,0.773,0.816,0.602,0.561,0.58,0.549,0.554,0.609,0.676,0.68,0.709,0.753,0.638,0.68,0.616,0.731,0.687,0.636,0.606,0.604,0.749,0.683,0.634,0.622,0.637,0.693,0.085,0.083,0.084,0.086,0.085,0.084,0.084,0.084,0.083,0.087,0.084,0.087,0.879,0.764,0.853,0.844,0.856,0.758,0.809,0.97,0.7,0.677,0.796,0.675
Raw Data (600),12 h 40 min,1.637,1.629,1.606,1.605,0.646,1.582,1.568,1.586,1.587,1.559,1.512,1.609,1.201,1.21,1.232,1.236,1.272,1.234,1.468,1.314,1.469,1.33,1.472,1.356,0.763,0.794,0.85,0.737,0.851,0.78,0.791,0.851,1.109,0.951,0.912,0.88,0.66,0.675,0.665,0.642,0.668,0.643,0.791,0.761,0.761,0.78,0.769,0.804,0.612,0.577,0.593,0.569,0.572,0.634,0.711,0.713,0.733,0.787,0.659,0.707,0.591,0.721,0.666,0.608,0.584,0.587,0.721,0.672,0.621,0.625,0.638,0.703,0.084,0.083,0.083,0.086,0.084,0.083,0.083,0.084,0.083,0.087,0.082,0.086,0.872,0.756,0.852,0.848,0.864,0.766,0.832,0.994,0.731,0.703,0.825,0.718
Raw Data (600),12 h 50 min,1.649,1.64,1.608,1.615,0.64,1.601,1.586,1.605,1.608,1.576,1.533,1.626,1.199,1.205,1.226,1.232,1.266,1.225,1.46,1.313,1.47,1.322,1.466,1.349,0.767,0.795,0.842,0.732,0.853,0.784,0.786,0.846,1.084,0.935,0.898,0.884,0.675,0.696,0.676,0.662,0.688,0.672,0.809,0.775,0.778,0.793,0.787,0.832,0.612,0.573,0.593,0.567,0.569,0.624,0.699,0.705,0.731,0.776,0.663,0.707,0.617,0.733,0.688,0.631,0.605,0.601,0.749,0.681,0.63,0.626,0.637,0.69,0.084,0.083,0.084,0.086,0.085,0.083,0.083,0.084,0.083,0.088,0.084,0.087,0.883,0.776,0.872,0.866,0.88,0.78,0.841,1.018,0.744,0.702,0.829,0.718
Raw Data (600),13 h ,1.643,1.637,1.608,1.612,0.639,1.591,1.569,1.593,1.596,1.575,1.527,1.615,1.197,1.212,1.23,1.234,1.269,1.232,1.454,1.319,1.46,1.328,1.457,1.352,0.777,0.794,0.847,0.738,0.86,0.793,0.791,0.854,1.093,0.944,0.91,0.89,0.658,0.679,0.662,0.645,0.67,0.651,0.796,0.763,0.769,0.781,0.77,0.811,0.608,0.562,0.581,0.546,0.553,0.602,0.676,0.675,0.701,0.744,0.636,0.685,0.613,0.738,0.69,0.638,0.611,0.604,0.76,0.697,0.637,0.631,0.646,0.707,0.083,0.083,0.084,0.086,0.084,0.083,0.084,0.084,0.084,0.086,0.084,0.087,0.867,0.766,0.843,0.825,0.848,0.761,0.79,1.019,0.696,0.673,0.783,0.675
Raw Data (600),13 h 10 min,1.648,1.644,1.626,1.626,0.656,1.608,1.589,1.611,1.606,1.577,1.544,1.61,1.192,1.212,1.231,1.239,1.272,1.228,1.46,1.319,1.454,1.323,1.454,1.353,0.779,0.794,0.852,0.735,0.861,0.796,0.796,0.858,1.095,0.951,0.91,0.899,0.666,0.679,0.664,0.635,0.667,0.646,0.79,0.767,0.762,0.778,0.773,0.809,0.599,0.561,0.585,0.549,0.552,0.608,0.687,0.687,0.715,0.757,0.643,0.692,0.603,0.723,0.676,0.615,0.59,0.586,0.727,0.668,0.625,0.619,0.643,0.707,0.083,0.083,0.083,0.085,0.084,0.083,0.083,0.083,0.083,0.087,0.083,0.087,0.874,0.765,0.855,0.846,0.868,0.77,0.827,1.051,0.72,0.689,0.797,0.693
Raw Data (600),13 h 20 min,1.645,1.637,1.611,1.618,0.635,1.595,1.582,1.598,1.596,1.571,1.532,1.619,1.193,1.212,1.231,1.238,1.268,1.231,1.457,1.325,1.463,1.331,1.456,1.358,0.779,0.802,0.853,0.74,0.859,0.802,0.803,0.857,1.108,0.967,0.922,0.912,0.663,0.687,0.676,0.662,0.683,0.666,0.801,0.775,0.768,0.789,0.781,0.817,0.621,0.573,0.596,0.569,0.561,0.627,0.699,0.703,0.732,0.775,0.66,0.699,0.599,0.724,0.668,0.617,0.583,0.586,0.736,0.671,0.623,0.623,0.642,0.706,0.084,0.083,0.083,0.088,0.084,0.083,0.083,0.083,0.083,0.089,0.083,0.087,0.853,0.736,0.823,0.813,0.826,0.733,0.785,1.057,0.688,0.673,0.795,0.668
Raw Data (600),13 h 30 min,1.658,1.647,1.62,1.634,0.641,1.604,1.596,1.624,1.616,1.582,1.542,1.621,1.193,1.215,1.232,1.24,1.268,1.236,1.464,1.327,1.466,1.331,1.459,1.361,0.782,0.8,0.855,0.73,0.862,0.79,0.785,0.859,1.093,0.951,0.914,0.9,0.661,0.672,0.667,0.642,0.664,0.666,0.799,0.772,0.773,0.786,0.778,0.82,0.618,0.577,0.591,0.563,0.565,0.624,0.702,0.704,0.727,0.774,0.658,0.703,0.583,0.708,0.65,0.591,0.57,0.571,0.707,0.658,0.61,0.608,0.627,0.685,0.083,0.083,0.083,0.087,0.084,0.084,0.083,0.084,0.083,0.085,0.083,0.086,0.867,0.758,0.852,0.856,0.874,0.764,0.829,1.097,0.729,0.702,0.822,0.715
Raw Data (600),13 h 40 min,1.646,1.635,1.613,1.617,0.645,1.596,1.577,1.603,1.597,1.586,1.542,1.626,1.194,1.215,1.227,1.237,1.265,1.23,1.467,1.328,1.461,1.331,1.465,1.369,0.774,0.804,0.853,0.731,0.858,0.799,0.795,0.863,1.107,0.966,0.922,0.907,0.667,0.676,0.667,0.648,0.672,0.656,0.804,0.78,0.783,0.798,0.789,0.825,0.61,0.577,0.593,0.57,0.552,0.633,0.717,0.716,0.741,0.806,0.665,0.717,0.613,0.731,0.684,0.617,0.59,0.588,0.72,0.66,0.614,0.604,0.63,0.681,0.084,0.082,0.083,0.085,0.083,0.083,0.083,0.083,0.083,0.084,0.082,0.086,0.865,0.778,0.853,0.842,0.861,0.781,0.818,1.111,0.72,0.686,0.809,0.7
Raw Data (600),13 h 50 min,1.648,1.643,1.624,1.627,0.662,1.605,1.591,1.617,1.612,1.581,1.552,1.621,1.194,1.218,1.237,1.244,1.27,1.237,1.461,1.33,1.465,1.334,1.456,1.37,0.783,0.804,0.855,0.73,0.867,0.799,0.794,0.866,1.102,0.963,0.924,0.908,0.666,0.677,0.667,0.642,0.668,0.648,0.796,0.776,0.775,0.794,0.781,0.819,0.614,0.578,0.595,0.566,0.568,0.628,0.697,0.709,0.729,0.778,0.659,0.702,0.605,0.723,0.674,0.611,0.594,0.589,0.732,0.677,0.633,0.636,0.652,0.704,0.084,0.084,0.084,0.088,0.085,0.084,0.084,0.085,0.084,0.085,0.084,0.087,0.875,0.752,0.853,0.861,0.878,0.778,0.83,1.131,0.727,0.698,0.817,0.722
Raw Data (600),14 h ,1.65,1.639,1.619,1.623,0.652,1.603,1.585,1.606,1.604,1.573,1.544,1.612,1.19,1.216,1.234,1.246,1.268,1.237,1.461,1.331,1.459,1.334,1.461,1.372,0.772,0.801,0.86,0.737,0.863,0.795,0.796,0.87,1.121,0.98,0.941,0.913,0.67,0.684,0.664,0.641,0.671,0.649,0.802,0.779,0.784,0.797,0.786,0.827,0.61,0.574,0.595,0.569,0.566,0.629,0.705,0.71,0.729,0.781,0.659,0.706,0.599,0.714,0.664,0.611,0.58,0.59,0.718,0.672,0.628,0.625,0.643,0.695,0.084,0.083,0.083,0.086,0.084,0.083,0.084,0.084,0.084,0.09,0.084,0.087,0.868,0.76,0.846,0.849,0.864,0.776,0.821,1.148,0.722,0.703,0.816,0.732
Raw Data (600),14 h 10 min,1.65,1.644,1.623,1.625,0.653,1.604,1.595,1.622,1.617,1.589,1.56,1.632,1.192,1.21,1.228,1.237,1.26,1.225,1.459,1.33,1.46,1.329,1.452,1.371,0.772,0.795,0.85,0.725,0.859,0.79,0.783,0.865,1.095,0.966,0.925,0.906,0.68,0.693,0.683,0.666,0.69,0.676,0.823,0.794,0.796,0.818,0.808,0.849,0.621,0.574,0.594,0.568,0.566,0.631,0.706,0.71,0.736,0.782,0.67,0.715,0.613,0.733,0.688,0.631,0.598,0.596,0.733,0.663,0.621,0.614,0.632,0.685,0.085,0.083,0.084,0.087,0.085,0.084,0.084,0.084,0.084,0.089,0.083,0.087,0.876,0.773,0.861,0.856,0.866,0.782,0.824,1.168,0.739,0.707,0.837,0.739
Raw Data (600),14 h 20 min,1.648,1.638,1.616,1.618,0.652,1.602,1.584,1.61,1.614,1.584,1.547,1.626,1.196,1.215,1.232,1.24,1.261,1.233,1.453,1.331,1.458,1.332,1.453,1.369,0.779,0.793,0.855,0.731,0.866,0.794,0.787,0.871,1.107,0.971,0.936,0.91,0.687,0.7,0.681,0.662,0.683,0.668,0.819,0.794,0.793,0.803,0.801,0.841,0.609,0.56,0.583,0.55,0.552,0.601,0.685,0.686,0.709,0.75,0.645,0.69,0.61,0.73,0.679,0.625,0.598,0.597,0.736,0.676,0.628,0.63,0.649,0.7,0.083,0.082,0.084,0.085,0.084,0.083,0.083,0.083,0.083,0.088,0.084,0.086,0.868,0.772,0.861,0.852,0.868,0.771,0.826,1.177,0.721,0.687,0.795,0.704
Raw Data (600),14 h 30 min,1.657,1.643,1.629,1.627,0.638,1.62,1.605,1.637,1.631,1.603,1.567,1.627,1.188,1.212,1.225,1.24,1.257,1.228,1.451,1.329,1.452,1.328,1.45,1.367,0.775,0.791,0.854,0.726,0.866,0.793,0.79,0.872,1.101,0.968,0.937,0.916,0.679,0.702,0.682,0.663,0.691,0.677,0.821,0.795,0.797,0.818,0.81,0.848,0.621,0.57,0.596,0.558,0.563,0.62,0.702,0.699,0.727,0.777,0.656,0.701,0.593,0.721,0.667,0.605,0.57,0.576,0.733,0.668,0.611,0.625,0.65,0.683,0.084,0.083,0.084,0.086,0.084,0.084,0.083,0.084,0.083,0.09,0.083,0.086,0.876,0.76,0.845,0.849,0.871,0.777,0.825,1.2,0.728,0.696,0.808,0.717
Raw Data (600),14 h 40 min,1.648,1.639,1.618,1.62,0.639,1.602,1.585,1.612,1.609,1.595,1.564,1.637,1.186,1.212,1.226,1.237,1.258,1.229,1.448,1.331,1.454,1.333,1.448,1.364,0.777,0.796,0.856,0.731,0.863,0.794,0.797,0.879,1.104,0.979,0.942,0.922,0.675,0.702,0.682,0.66,0.685,0.67,0.823,0.797,0.799,0.824,0.812,0.851,0.624,0.575,0.596,0.567,0.565,0.618,0.707,0.701,0.726,0.775,0.661,0.704,0.618,0.737,0.69,0.633,0.601,0.602,0.738,0.677,0.63,0.626,0.641,0.692,0.084,0.083,0.084,0.088,0.085,0.083,0.083,0.084,0.084,0.086,0.083,0.086,0.841,0.746,0.827,0.82,0.835,0.748,0.786,1.2,0.673,0.649,0.773,0.658
Raw Data (600),14 h 50 min,1.653,1.648,1.627,1.629,0.636,1.611,1.6,1.624,1.619,1.599,1.57,1.641,1.198,1.215,1.227,1.237,1.262,1.238,1.467,1.333,1.463,1.33,1.459,1.367,0.775,0.789,0.849,0.724,0.856,0.784,0.787,0.877,1.097,0.973,0.944,0.924,0.678,0.699,0.687,0.665,0.7,0.674,0.828,0.806,0.805,0.828,0.816,0.858,0.622,0.574,0.594,0.559,0.564,0.616,0.695,0.699,0.72,0.768,0.653,0.701,0.603,0.728,0.678,0.615,0.587,0.583,0.734,0.674,0.621,0.626,0.644,0.691,0.084,0.083,0.084,0.085,0.085,0.084,0.084,0.084,0.084,0.088,0.084,0.086,0.873,0.765,0.87,0.861,0.883,0.797,0.842,1.237,0.74,0.71,0.821,0.722
Raw Data (600),15 h ,1.649,1.637,1.625,1.624,0.654,1.601,1.583,1.613,1.606,1.581,1.547,1.616,1.194,1.217,1.233,1.247,1.267,1.241,1.46,1.333,1.456,1.339,1.454,1.376,0.774,0.797,0.856,0.729,0.869,0.797,0.798,0.883,1.11,0.976,0.949,0.924,0.678,0.669,0.667,0.639,0.664,0.666,0.811,0.788,0.789,0.808,0.798,0.832,0.619,0.57,0.591,0.564,0.555,0.628,0.707,0.711,0.737,0.789,0.659,0.701,0.612,0.722,0.679,0.623,0.591,0.593,0.727,0.674,0.635,0.617,0.643,0.696,0.084,0.083,0.084,0.086,0.085,0.084,0.083,0.085,0.084,0.085,0.084,0.087,0.879,0.765,0.863,0.858,0.878,0.781,0.829,1.246,0.729,0.71,0.829,0.74
Raw Data (600),15 h 10 min,1.649,1.641,1.621,1.62,0.643,1.6,1.585,1.62,1.608,1.589,1.555,1.635,1.192,1.211,1.228,1.239,1.263,1.234,1.452,1.329,1.442,1.336,1.44,1.369,0.777,0.798,0.857,0.733,0.861,0.783,0.777,0.875,1.104,0.978,0.949,0.924,0.669,0.681,0.674,0.647,0.672,0.665,0.813,0.794,0.798,0.818,0.807,0.848,0.62,0.569,0.593,0.552,0.555,0.616,0.685,0.687,0.715,0.757,0.643,0.692,0.614,0.724,0.683,0.621,0.596,0.593,0.734,0.674,0.627,0.585,0.634,0.69,0.084,0.082,0.084,0.086,0.085,0.083,0.083,0.084,0.084,0.084,0.083,0.087,0.859,0.767,0.847,0.831,0.844,0.77,0.8,1.262,0.718,0.695,0.811,0.705
Raw Data (600),15 h 20 min,1.656,1.645,1.624,1.627,0.653,1.601,1.591,1.613,1.603,1.59,1.556,1.632,1.192,1.21,1.228,1.239,1.261,1.236,1.456,1.331,1.447,1.333,1.447,1.369,0.772,0.787,0.851,0.719,0.861,0.786,0.79,0.886,1.101,0.974,0.949,0.925,0.68,0.684,0.67,0.651,0.676,0.664,0.825,0.803,0.797,0.823,0.818,0.858,0.621,0.569,0.594,0.568,0.561,0.634,0.708,0.713,0.742,0.787,0.661,0.704,0.62,0.73,0.686,0.635,0.606,0.605,0.755,0.682,0.635,0.602,0.639,0.699,0.084,0.082,0.084,0.085,0.084,0.083,0.083,0.084,0.083,0.089,0.082,0.087,0.867,0.769,0.853,0.849,0.866,0.782,0.819,1.286,0.73,0.707,0.833,0.738
Raw Data (600),15 h 30 min,1.649,1.645,1.623,1.62,0.659,1.6,1.589,1.619,1.61,1.589,1.557,1.629,1.195,1.211,1.23,1.241,1.262,1.236,1.446,1.329,1.448,1.329,1.443,1.367,0.784,0.78,0.866,0.745,0.88,0.784,0.797,0.895,1.123,0.989,0.973,0.915,0.676,0.689,0.677,0.651,0.68,0.663,0.826,0.804,0.806,0.823,0.819,0.858,0.622,0.57,0.595,0.553,0.554,0.609,0.684,0.685,0.703,0.752,0.646,0.684,0.609,0.721,0.677,0.619,0.591,0.589,0.734,0.674,0.625,0.589,0.642,0.695,0.084,0.083,0.083,0.088,0.084,0.083,0.083,0.084,0.084,0.084,0.084,0.086,0.866,0.77,0.856,0.862,0.876,0.788,0.835,1.304,0.736,0.695,0.808,0.731
Raw Data (600),15 h 40 min,1.657,1.65,1.639,1.639,0.673,1.621,1.608,1.635,1.625,1.583,1.575,1.632,1.189,1.204,1.227,1.232,1.255,1.23,1.451,1.326,1.446,1.329,1.434,1.364,0.773,0.784,0.853,0.726,0.867,0.785,0.795,0.891,1.106,0.979,0.96,0.928,0.682,0.694,0.681,0.653,0.683,0.668,0.819,0.807,0.8,0.824,0.82,0.864,0.621,0.577,0.594,0.556,0.562,0.617,0.696,0.699,0.716,0.762,0.653,0.698,0.619,0.734,0.687,0.639,0.603,0.601,0.743,0.689,0.642,0.61,0.653,0.71,0.084,0.083,0.088,0.086,0.085,0.084,0.084,0.084,0.084,0.085,0.085,0.087,0.864,0.762,0.85,0.855,0.877,0.79,0.83,1.327,0.745,0.706,0.826,0.743
Raw Data (600),15 h 50 min,1.648,1.64,1.626,1.619,0.65,1.602,1.582,1.61,1.604,1.591,1.566,1.637,1.19,1.207,1.225,1.239,1.258,1.234,1.452,1.324,1.455,1.33,1.447,1.374,0.769,0.784,0.855,0.721,0.863,0.786,0.794,0.888,1.116,0.986,0.967,0.934,0.688,0.707,0.693,0.673,0.707,0.69,0.84,0.819,0.818,0.839,0.833,0.873,0.619,0.577,0.6,0.569,0.565,0.621,0.701,0.699,0.726,0.772,0.665,0.712,0.621,0.734,0.691,0.627,0.599,0.602,0.743,0.677,0.637,0.601,0.64,0.698,0.084,0.082,0.083,0.086,0.084,0.083,0.083,0.084,0.083,0.084,0.082,0.086,0.853,0.758,0.833,0.831,0.845,0.763,0.8,1.336,0.709,0.686,0.801,0.701
Raw Data (600),16 h ,1.655,1.647,1.627,1.631,0.648,1.607,1.596,1.626,1.619,1.595,1.563,1.634,1.193,1.208,1.231,1.241,1.265,1.237,1.447,1.329,1.441,1.33,1.437,1.364,0.776,0.785,0.853,0.721,0.868,0.787,0.79,0.897,1.104,0.983,0.961,0.922,0.676,0.674,0.671,0.639,0.668,0.652,0.821,0.799,0.797,0.816,0.812,0.846,0.619,0.571,0.585,0.546,0.554,0.613,0.684,0.68,0.707,0.754,0.648,0.697,0.617,0.74,0.686,0.625,0.599,0.592,0.744,0.682,0.634,0.584,0.633,0.696,0.084,0.083,0.083,0.087,0.085,0.084,0.084,0.084,0.084,0.086,0.083,0.087,0.871,0.765,0.856,0.851,0.868,0.793,0.826,1.356,0.725,0.701,0.81,0.737
Raw Data (600),16 h 10 min,1.649,1.643,1.625,1.623,0.638,1.604,1.585,1.614,1.606,1.592,1.555,1.634,1.19,1.21,1.231,1.243,1.265,1.241,1.444,1.325,1.44,1.328,1.436,1.367,0.777,0.783,0.854,0.722,0.864,0.791,0.795,0.897,1.112,0.981,0.96,0.926,0.691,0.708,0.686,0.672,0.697,0.698,0.837,0.819,0.815,0.842,0.834,0.877,0.631,0.58,0.603,0.57,0.565,0.639,0.712,0.711,0.731,0.785,0.66,0.706,0.611,0.722,0.675,0.611,0.59,0.593,0.716,0.665,0.628,0.578,0.626,0.682,0.083,0.082,0.083,0.086,0.084,0.082,0.083,0.083,0.083,0.084,0.083,0.086,0.864,0.761,0.842,0.842,0.864,0.786,0.813,1.377,0.721,0.694,0.796,0.709
Raw Data (600),16 h 20 min,1.648,1.643,1.625,1.621,0.656,1.599,1.588,1.613,1.602,1.586,1.552,1.622,1.193,1.206,1.228,1.239,1.266,1.235,1.44,1.325,1.442,1.328,1.433,1.367,0.767,0.792,0.862,0.734,0.871,0.795,0.808,0.905,1.141,1.006,0.986,0.934,0.678,0.678,0.665,0.641,0.672,0.663,0.825,0.806,0.794,0.824,0.814,0.854,0.624,0.579,0.602,0.57,0.57,0.634,0.705,0.709,0.729,0.782,0.659,0.71,0.602,0.721,0.662,0.603,0.579,0.58,0.735,0.682,0.626,0.594,0.64,0.71,0.084,0.084,0.089,0.086,0.085,0.084,0.084,0.085,0.083,0.085,0.083,0.087,0.865,0.765,0.856,0.853,0.863,0.801,0.826,1.398,0.732,0.704,0.811,0.734
Raw Data (600),16 h 30 min,1.662,1.647,1.636,1.636,0.666,1.602,1.592,1.621,1.61,1.589,1.557,1.636,1.192,1.203,1.232,1.236,1.263,1.228,1.438,1.323,1.432,1.328,1.43,1.369,0.772,0.786,0.855,0.723,0.87,0.785,0.798,0.898,1.114,0.987,0.966,0.923,0.699,0.702,0.689,0.659,0.689,0.677,0.839,0.815,0.814,0.838,0.83,0.87,0.62,0.573,0.594,0.564,0.559,0.618,0.691,0.698,0.714,0.764,0.656,0.701,0.635,0.732,0.684,0.638,0.61,0.603,0.752,0.677,0.633,0.581,0.628,0.683,0.084,0.083,0.083,0.085,0.084,0.084,0.084,0.083,0.083,0.086,0.083,0.086,0.866,0.782,0.863,0.861,0.876,0.796,0.837,1.424,0.74,0.71,0.824,0.749
Raw Data (600),16 h 40 min,1.653,1.646,1.623,1.625,0.655,1.599,1.587,1.61,1.601,1.593,1.557,1.629,1.196,1.206,1.231,1.242,1.269,1.24,1.438,1.327,1.437,1.328,1.432,1.368,0.765,0.778,0.85,0.725,0.865,0.78,0.796,0.898,1.114,0.995,0.969,0.927,0.685,0.697,0.685,0.654,0.691,0.674,0.832,0.817,0.808,0.837,0.83,0.868,0.624,0.576,0.598,0.566,0.559,0.619,0.698,0.704,0.72,0.763,0.653,0.695,0.602,0.725,0.668,0.611,0.591,0.582,0.739,0.68,0.629,0.591,0.638,0.704,0.083,0.082,0.083,0.085,0.084,0.083,0.084,0.084,0.083,0.086,0.084,0.087,0.87,0.774,0.862,0.853,0.87,0.795,0.819,1.444,0.736,0.704,0.815,0.744
Raw Data (600),16 h 50 min,1.655,1.649,1.636,1.638,0.68,1.615,1.603,1.627,1.618,1.595,1.555,1.637,1.195,1.204,1.233,1.241,1.266,1.236,1.436,1.323,1.429,1.323,1.427,1.361,0.778,0.784,0.857,0.731,0.871,0.793,0.808,0.904,1.122,0.995,0.973,0.933,0.682,0.691,0.673,0.649,0.686,0.669,0.833,0.817,0.808,0.838,0.826,0.87,0.627,0.568,0.596,0.554,0.555,0.618,0.683,0.688,0.718,0.754,0.651,0.69,0.628,0.739,0.695,0.633,0.619,0.605,0.751,0.675,0.634,0.582,0.63,0.697,0.084,0.083,0.083,0.086,0.085,0.083,0.084,0.084,0.084,0.088,0.083,0.087,0.858,0.766,0.845,0.833,0.853,0.789,0.807,1.455,0.717,0.683,0.804,0.724
Raw Data (600),17 h ,1.659,1.651,1.629,1.631,0.649,1.608,1.597,1.624,1.621,1.604,1.577,1.645,1.2,1.206,1.231,1.243,1.272,1.243,1.443,1.325,1.441,1.329,1.434,1.369,0.769,0.779,0.852,0.722,0.861,0.778,0.795,0.896,1.11,0.987,0.961,0.932,0.699,0.715,0.693,0.67,0.703,0.699,0.849,0.831,0.828,0.854,0.846,0.885,0.628,0.581,0.603,0.575,0.567,0.624,0.71,0.704,0.723,0.772,0.67,0.715,0.633,0.741,0.696,0.638,0.613,0.61,0.747,0.677,0.631,0.585,0.631,0.691,0.084,0.083,0.083,0.087,0.084,0.083,0.083,0.083,0.083,0.086,0.083,0.087,0.839,0.755,0.821,0.818,0.833,0.763,0.777,1.466,0.686,0.656,0.769,0.67
Raw Data (600),17 h 10 min,1.658,1.65,1.632,1.626,0.654,1.604,1.595,1.619,1.613,1.598,1.571,1.641,1.196,1.202,1.233,1.241,1.268,1.234,1.438,1.322,1.438,1.325,1.428,1.36,0.772,0.777,0.853,0.731,0.864,0.78,0.797,0.903,1.111,0.986,0.964,0.925,0.683,0.692,0.681,0.657,0.697,0.677,0.845,0.828,0.817,0.849,0.839,0.886,0.636,0.586,0.606,0.575,0.567,0.631,0.707,0.707,0.725,0.778,0.667,0.713,0.596,0.719,0.662,0.598,0.574,0.569,0.726,0.665,0.613,0.58,0.61,0.679,0.082,0.083,0.085,0.085,0.084,0.083,0.083,0.083,0.083,0.084,0.082,0.086,0.864,0.763,0.86,0.863,0.878,0.808,0.837,1.489,0.746,0.711,0.822,0.741
Raw Data (600),17 h 20 min,1.661,1.653,1.628,1.627,0.653,1.601,1.589,1.614,1.605,1.58,1.555,1.629,1.195,1.204,1.232,1.241,1.272,1.241,1.432,1.321,1.427,1.327,1.424,1.362,0.774,0.78,0.849,0.726,0.864,0.786,0.799,0.899,1.113,0.985,0.967,0.919,0.701,0.715,0.694,0.663,0.702,0.696,0.85,0.83,0.822,0.851,0.842,0.888,0.634,0.588,0.609,0.579,0.573,0.636,0.712,0.719,0.735,0.784,0.668,0.711,0.619,0.725,0.677,0.622,0.591,0.593,0.729,0.675,0.63,0.586,0.625,0.682,0.084,0.083,0.083,0.085,0.084,0.083,0.084,0.084,0.083,0.085,0.083,0.087,0.844,0.748,0.818,0.81,0.828,0.761,0.774,1.502,0.684,0.654,0.757,0.659
Raw Data (600),17 h 30 min,1.654,1.653,1.631,1.627,0.666,1.605,1.594,1.619,1.611,1.585,1.56,1.634,1.193,1.195,1.228,1.237,1.268,1.229,1.431,1.322,1.431,1.322,1.424,1.361,0.762,0.775,0.853,0.733,0.861,0.773,0.8,0.895,1.133,1.007,0.98,0.933,0.691,0.701,0.687,0.661,0.705,0.682,0.851,0.832,0.827,0.852,0.845,0.88,0.625,0.584,0.603,0.576,0.574,0.635,0.71,0.712,0.729,0.787,0.666,0.716,0.612,0.722,0.669,0.605,0.579,0.586,0.723,0.658,0.614,0.574,0.605,0.666,0.084,0.083,0.086,0.086,0.084,0.083,0.083,0.084,0.083,0.088,0.083,0.087,0.861,0.78,0.86,0.848,0.855,0.806,0.812,1.529,0.74,0.709,0.829,0.751
Raw Data (600),17 h 40 min,1.659,1.646,1.627,1.629,0.689,1.602,1.588,1.608,1.598,1.585,1.554,1.629,1.196,1.204,1.232,1.241,1.27,1.238,1.435,1.317,1.433,1.324,1.424,1.361,0.773,0.78,0.857,0.745,0.869,0.78,0.806,0.904,1.127,0.998,0.975,0.919,0.695,0.704,0.691,0.662,0.697,0.696,0.847,0.83,0.814,0.837,0.833,0.879,0.637,0.582,0.608,0.574,0.57,0.633,0.703,0.701,0.735,0.779,0.666,0.706,0.617,0.731,0.681,0.626,0.596,0.593,0.748,0.672,0.627,0.585,0.615,0.687,0.083,0.082,0.083,0.085,0.084,0.083,0.083,0.083,0.083,0.084,0.083,0.086,0.86,0.759,0.845,0.845,0.858,0.804,0.814,1.544,0.731,0.701,0.826,0.758
Raw Data (600),17 h 50 min,1.655,1.648,1.629,1.639,0.692,1.599,1.591,1.603,1.597,1.577,1.548,1.624,1.199,1.202,1.232,1.241,1.272,1.233,1.434,1.317,1.43,1.321,1.419,1.361,0.767,0.771,0.85,0.742,0.865,0.774,0.798,0.903,1.121,0.998,0.973,0.926,0.697,0.691,0.682,0.64,0.684,0.675,0.839,0.822,0.806,0.835,0.828,0.866,0.623,0.571,0.598,0.557,0.56,0.606,0.686,0.68,0.7,0.752,0.647,0.699,0.639,0.739,0.697,0.642,0.611,0.613,0.755,0.686,0.645,0.598,0.631,0.696,0.084,0.083,0.082,0.086,0.084,0.083,0.083,0.083,0.084,0.087,0.083,0.087,0.869,0.766,0.854,0.853,0.862,0.802,0.821,1.562,0.734,0.699,0.811,0.738
Raw Data (600),18 h ,1.656,1.65,1.63,1.635,0.67,1.616,1.607,1.624,1.621,1.597,1.564,1.639,1.194,1.199,1.228,1.238,1.27,1.231,1.432,1.317,1.429,1.318,1.42,1.36,0.77,0.778,0.85,0.741,0.859,0.78,0.806,0.906,1.119,1.002,0.972,0.93,0.7,0.716,0.695,0.664,0.711,0.693,0.86,0.839,0.831,0.862,0.853,0.888,0.63,0.584,0.605,0.579,0.565,0.625,0.705,0.705,0.729,0.776,0.671,0.713,0.631,0.743,0.689,0.637,0.607,0.604,0.761,0.684,0.638,0.597,0.625,0.69,0.084,0.083,0.083,0.085,0.085,0.083,0.084,0.085,0.083,0.087,0.084,0.087,0.852,0.769,0.86,0.847,0.863,0.799,0.819,1.568,0.751,0.696,0.815,0.748
Raw Data (600),18 h 10 min,1.661,1.653,1.631,1.632,0.659,1.609,1.6,1.62,1.612,1.59,1.566,1.639,1.193,1.198,1.232,1.245,1.27,1.234,1.43,1.319,1.424,1.319,1.418,1.352,0.771,0.773,0.845,0.748,0.862,0.773,0.8,0.906,1.108,0.993,0.968,0.922,0.694,0.687,0.674,0.636,0.68,0.656,0.839,0.823,0.81,0.835,0.829,0.865,0.62,0.571,0.589,0.556,0.554,0.602,0.678,0.67,0.705,0.751,0.646,0.695,0.632,0.742,0.696,0.641,0.611,0.612,0.765,0.685,0.65,0.604,0.625,0.698,0.084,0.083,0.085,0.086,0.084,0.083,0.083,0.084,0.083,0.084,0.084,0.086,0.849,0.747,0.832,0.824,0.833,0.749,0.777,1.567,0.703,0.672,0.774,0.688
Raw Data (600),18 h 20 min,1.653,1.647,1.626,1.627,0.666,1.598,1.591,1.617,1.609,1.588,1.55,1.628,1.195,1.2,1.235,1.244,1.278,1.238,1.429,1.316,1.425,1.317,1.42,1.355,0.778,0.778,0.849,0.752,0.862,0.777,0.799,0.904,1.111,0.986,0.964,0.915,0.695,0.689,0.676,0.636,0.679,0.669,0.845,0.824,0.812,0.845,0.834,0.871,0.637,0.585,0.607,0.581,0.571,0.629,0.716,0.715,0.734,0.784,0.668,0.718,0.613,0.722,0.666,0.604,0.582,0.579,0.726,0.666,0.619,0.582,0.609,0.679,0.084,0.083,0.085,0.086,0.085,0.083,0.084,0.084,0.084,0.086,0.084,0.086,0.863,0.76,0.852,0.86,0.869,0.8,0.83,1.593,0.739,0.706,0.817,0.745
Raw Data (600),18 h 30 min,1.654,1.649,1.624,1.632,0.673,1.599,1.593,1.61,1.603,1.578,1.543,1.624,1.198,1.2,1.236,1.246,1.281,1.245,1.433,1.317,1.431,1.325,1.425,1.363,0.774,0.775,0.847,0.75,0.859,0.775,0.805,0.911,1.114,0.996,0.973,0.921,0.704,0.709,0.685,0.646,0.693,0.67,0.854,0.831,0.819,0.845,0.841,0.878,0.63,0.579,0.601,0.574,0.568,0.629,0.707,0.707,0.725,0.784,0.665,0.711,0.604,0.712,0.653,0.592,0.576,0.572,0.72,0.665,0.619,0.59,0.615,0.696,0.083,0.082,0.083,0.087,0.084,0.083,0.083,0.083,0.083,0.085,0.083,0.086,0.847,0.761,0.841,0.832,0.842,0.796,0.793,1.606,0.719,0.686,0.8,0.733
Raw Data (600),18 h 40 min,1.659,1.644,1.627,1.621,0.669,1.591,1.581,1.595,1.591,1.583,1.554,1.63,1.198,1.2,1.236,1.245,1.273,1.236,1.426,1.317,1.427,1.318,1.418,1.354,0.774,0.775,0.851,0.754,0.866,0.78,0.808,0.91,1.12,0.997,0.973,0.922,0.701,0.696,0.68,0.646,0.692,0.689,0.847,0.83,0.817,0.846,0.838,0.877,0.625,0.572,0.601,0.566,0.561,0.623,0.703,0.696,0.723,0.77,0.655,0.699,0.615,0.711,0.65,0.588,0.571,0.57,0.718,0.656,0.612,0.575,0.614,0.698,0.084,0.083,0.088,0.085,0.084,0.083,0.083,0.083,0.083,0.085,0.083,0.087,0.857,0.766,0.843,0.837,0.852,0.8,0.807,1.63,0.725,0.699,0.813,0.738
Raw Data (600),18 h 50 min,1.656,1.657,1.63,1.629,0.672,1.596,1.593,1.603,1.605,1.584,1.557,1.634,1.194,1.195,1.231,1.239,1.272,1.234,1.424,1.313,1.423,1.315,1.414,1.353,0.772,0.777,0.854,0.759,0.872,0.777,0.808,0.915,1.125,1.005,0.98,0.933,0.703,0.699,0.683,0.648,0.687,0.686,0.854,0.835,0.821,0.846,0.843,0.873,0.636,0.585,0.609,0.574,0.566,0.623,0.706,0.698,0.724,0.777,0.665,0.713,0.611,0.729,0.674,0.61,0.583,0.587,0.756,0.682,0.628,0.616,0.624,0.683,0.084,0.083,0.084,0.086,0.085,0.083,0.084,0.085,0.084,0.085,0.084,0.087,0.865,0.77,0.855,0.858,0.869,0.799,0.814,1.635,0.73,0.705,0.806,0.742
Raw Data (600),19 h ,1.661,1.657,1.63,1.631,0.667,1.598,1.593,1.61,1.608,1.592,1.557,1.647,1.198,1.197,1.232,1.241,1.276,1.234,1.425,1.313,1.427,1.315,1.413,1.35,0.778,0.773,0.85,0.765,0.862,0.778,0.811,0.916,1.122,1.005,0.975,0.922,0.699,0.704,0.683,0.648,0.695,0.684,0.856,0.838,0.825,0.858,0.849,0.884,0.636,0.579,0.61,0.57,0.567,0.621,0.702,0.698,0.725,0.776,0.666,0.713,0.652,0.747,0.698,0.638,0.612,0.614,0.758,0.681,0.637,0.592,0.617,0.688,0.084,0.082,0.083,0.088,0.084,0.083,0.083,0.084,0.083,0.085,0.083,0.087,0.855,0.775,0.854,0.848,0.862,0.799,0.81,1.649,0.722,0.685,0.791,0.726
Raw Data (600),19 h 10 min,1.666,1.66,1.65,1.652,0.701,1.622,1.619,1.629,1.633,1.588,1.571,1.646,1.201,1.2,1.236,1.247,1.277,1.237,1.428,1.316,1.433,1.32,1.419,1.352,0.778,0.776,0.853,0.767,0.871,0.779,0.817,0.926,1.128,1.015,0.988,0.933,0.697,0.703,0.679,0.648,0.688,0.671,0.855,0.838,0.825,0.858,0.847,0.876,0.644,0.587,0.613,0.575,0.567,0.634,0.707,0.695,0.734,0.782,0.667,0.716,0.634,0.73,0.689,0.631,0.6,0.601,0.761,0.673,0.633,0.594,0.607,0.681,0.084,0.082,0.085,0.088,0.084,0.083,0.084,0.084,0.084,0.086,0.084,0.087,0.852,0.77,0.855,0.842,0.862,0.811,0.804,1.661,0.737,0.709,0.821,0.752
Raw Data (600),19 h 20 min,1.659,1.654,1.635,1.642,0.664,1.609,1.604,1.614,1.618,1.599,1.566,1.641,1.199,1.199,1.233,1.241,1.275,1.233,1.422,1.311,1.421,1.312,1.414,1.346,0.78,0.773,0.846,0.764,0.856,0.771,0.803,0.917,1.113,0.999,0.969,0.921,0.692,0.691,0.673,0.641,0.686,0.667,0.856,0.832,0.82,0.854,0.843,0.874,0.638,0.583,0.621,0.567,0.563,0.63,0.703,0.693,0.723,0.774,0.663,0.71,0.635,0.741,0.693,0.626,0.603,0.606,0.748,0.684,0.628,0.584,0.61,0.681,0.084,0.083,0.083,0.085,0.084,0.083,0.083,0.084,0.084,0.085,0.082,0.086,0.835,0.746,0.821,0.818,0.833,0.776,0.781,1.667,0.676,0.654,0.771,0.676
Raw Data (600),19 h 30 min,1.658,1.65,1.638,1.639,0.673,1.607,1.601,1.606,1.609,1.579,1.55,1.625,1.199,1.192,1.234,1.238,1.28,1.235,1.425,1.31,1.427,1.317,1.417,1.349,0.773,0.768,0.842,0.759,0.853,0.767,0.806,0.915,1.111,0.998,0.965,0.927,0.694,0.68,0.667,0.631,0.676,0.662,0.851,0.826,0.814,0.847,0.838,0.868,0.638,0.589,0.618,0.581,0.575,0.636,0.716,0.708,0.735,0.79,0.669,0.725,0.622,0.715,0.66,0.604,0.575,0.575,0.75,0.669,0.619,0.594,0.594,0.689,0.083,0.083,0.083,0.086,0.083,0.083,0.083,0.084,0.083,0.086,0.083,0.087,0.859,0.77,0.85,0.858,0.863,0.803,0.807,1.682,0.728,0.702,0.819,0.733
Raw Data (600),19 h 40 min,1.662,1.655,1.636,1.642,0.669,1.604,1.601,1.613,1.611,1.584,1.553,1.638,1.198,1.191,1.229,1.234,1.274,1.237,1.429,1.312,1.425,1.316,1.412,1.348,0.776,0.771,0.846,0.768,0.862,0.774,0.812,0.92,1.116,1.004,0.973,0.932,0.714,0.735,0.694,0.665,0.7,0.68,0.867,0.839,0.831,0.858,0.843,0.88,0.638,0.588,0.612,0.584,0.569,0.636,0.716,0.709,0.733,0.796,0.684,0.735,0.629,0.739,0.685,0.63,0.598,0.604,0.75,0.676,0.62,0.588,0.603,0.673,0.084,0.083,0.088,0.086,0.085,0.083,0.084,0.084,0.084,0.087,0.085,0.086,0.855,0.776,0.858,0.851,0.864,0.808,0.813,1.702,0.733,0.702,0.803,0.738
Raw Data (600),19 h 50 min,1.663,1.662,1.642,1.639,0.672,1.603,1.595,1.619,1.618,1.598,1.572,1.654,1.198,1.194,1.228,1.241,1.276,1.231,1.422,1.31,1.423,1.314,1.411,1.347,0.778,0.772,0.849,0.777,0.865,0.774,0.816,0.922,1.125,1.012,0.979,0.932,0.714,0.7,0.685,0.647,0.686,0.678,0.856,0.842,0.819,0.85,0.845,0.882,0.64,0.574,0.611,0.572,0.564,0.631,0.702,0.693,0.726,0.78,0.663,0.715,0.61,0.704,0.647,0.586,0.568,0.57,0.711,0.657,0.614,0.564,0.583,0.688,0.083,0.082,0.083,0.085,0.084,0.082,0.083,0.083,0.083,0.086,0.083,0.085,0.858,0.768,0.858,0.874,0.878,0.82,0.838,1.711,0.765,0.721,0.837,0.768
Raw Data (600),20 h ,1.671,1.662,1.637,1.641,0.672,1.605,1.599,1.619,1.619,1.596,1.565,1.652,1.198,1.194,1.229,1.242,1.279,1.234,1.423,1.308,1.424,1.312,1.414,1.346,0.782,0.772,0.852,0.781,0.868,0.773,0.821,0.925,1.124,1.012,0.982,0.935,0.711,0.698,0.679,0.645,0.691,0.678,0.861,0.846,0.829,0.852,0.847,0.874,0.637,0.583,0.611,0.574,0.573,0.625,0.706,0.697,0.729,0.781,0.673,0.724,0.619,0.739,0.669,0.608,0.581,0.588,0.763,0.682,0.625,0.607,0.621,0.676,0.084,0.083,0.084,0.088,0.084,0.084,0.084,0.085,0.084,0.087,0.084,0.086,0.863,0.767,0.849,0.862,0.877,0.81,0.823,1.717,0.735,0.7,0.802,0.739
Raw Data (600),20 h 10 min,1.672,1.664,1.635,1.64,0.673,1.603,1.595,1.619,1.616,1.601,1.566,1.667,1.201,1.199,1.236,1.246,1.284,1.239,1.427,1.311,1.426,1.314,1.416,1.344,0.779,0.768,0.848,0.78,0.859,0.773,0.818,0.929,1.125,1.012,0.977,0.931,0.704,0.699,0.672,0.646,0.69,0.682,0.868,0.85,0.831,0.866,0.855,0.885,0.643,0.581,0.625,0.578,0.572,0.626,0.711,0.691,0.722,0.781,0.664,0.718,0.642,0.75,0.698,0.639,0.61,0.618,0.776,0.693,0.636,0.597,0.617,0.684,0.083,0.082,0.083,0.085,0.084,0.083,0.084,0.084,0.083,0.084,0.083,0.086,0.856,0.778,0.852,0.856,0.865,0.81,0.81,1.722,0.731,0.692,0.791,0.728
Raw Data (600),20 h 20 min,1.676,1.67,1.649,1.657,0.702,1.621,1.617,1.637,1.634,1.608,1.571,1.669,1.203,1.201,1.238,1.252,1.289,1.244,1.429,1.312,1.435,1.317,1.415,1.353,0.783,0.771,0.849,0.783,0.866,0.774,0.822,0.927,1.128,1.015,0.985,0.934,0.714,0.702,0.673,0.642,0.691,0.679,0.872,0.849,0.831,0.864,0.857,0.884,0.642,0.578,0.624,0.575,0.571,0.628,0.712,0.694,0.733,0.785,0.67,0.724,0.639,0.75,0.695,0.642,0.607,0.611,0.782,0.692,0.636,0.605,0.607,0.686,0.084,0.083,0.083,0.085,0.084,0.083,0.084,0.084,0.083,0.086,0.083,0.087,0.846,0.777,0.847,0.843,0.856,0.808,0.804,1.733,0.732,0.705,0.813,0.744
Raw Data (600),20 h 30 min,1.677,1.67,1.636,1.64,0.672,1.608,1.603,1.624,1.619,1.609,1.571,1.665,1.201,1.193,1.232,1.24,1.28,1.234,1.419,1.309,1.424,1.313,1.413,1.34,0.787,0.766,0.845,0.777,0.856,0.768,0.814,0.923,1.11,1.006,0.97,0.926,0.701,0.692,0.663,0.64,0.684,0.675,0.869,0.841,0.824,0.859,0.855,0.885,0.647,0.585,0.624,0.573,0.57,0.636,0.713,0.696,0.734,0.795,0.671,0.725,0.643,0.748,0.697,0.627,0.603,0.608,0.768,0.686,0.629,0.583,0.605,0.683,0.083,0.083,0.084,0.085,0.085,0.084,0.084,0.085,0.084,0.084,0.083,0.087,0.834,0.748,0.826,0.83,0.838,0.776,0.787,1.729,0.681,0.661,0.77,0.678
Raw Data (600),20 h 40 min,1.673,1.661,1.638,1.643,0.682,1.605,1.599,1.623,1.618,1.596,1.566,1.656,1.2,1.192,1.233,1.241,1.286,1.241,1.429,1.311,1.431,1.312,1.417,1.345,0.78,0.768,0.844,0.779,0.85,0.766,0.813,0.927,1.112,1.006,0.968,0.931,0.709,0.681,0.671,0.639,0.683,0.667,0.866,0.84,0.825,0.861,0.851,0.878,0.646,0.587,0.625,0.586,0.576,0.633,0.72,0.704,0.734,0.803,0.674,0.737,0.61,0.728,0.66,0.6,0.572,0.571,0.763,0.686,0.615,0.597,0.595,0.681,0.084,0.083,0.087,0.086,0.085,0.083,0.084,0.084,0.083,0.085,0.083,0.087,0.859,0.769,0.85,0.862,0.867,0.812,0.819,1.748,0.745,0.713,0.82,0.747
Raw Data (600),20 h 50 min,1.67,1.66,1.637,1.634,0.683,1.605,1.602,1.618,1.608,1.594,1.558,1.656,1.199,1.191,1.231,1.239,1.281,1.241,1.422,1.31,1.426,1.315,1.41,1.346,0.784,0.771,0.846,0.787,0.858,0.769,0.815,0.93,1.116,1.012,0.978,0.94,0.727,0.727,0.689,0.662,0.7,0.691,0.88,0.846,0.839,0.87,0.852,0.885,0.64,0.589,0.624,0.59,0.567,0.635,0.72,0.707,0.739,0.812,0.689,0.742,0.636,0.744,0.688,0.63,0.597,0.601,0.77,0.68,0.627,0.592,0.607,0.668,0.083,0.082,0.084,0.088,0.084,0.083,0.083,0.083,0.084,0.09,0.083,0.086,0.849,0.77,0.851,0.857,0.859,0.818,0.81,1.744,0.733,0.7,0.802,0.736
Raw Data (600),21 h ,1.669,1.659,1.637,1.634,0.678,1.603,1.594,1.622,1.619,1.606,1.565,1.665,1.199,1.196,1.236,1.248,1.286,1.24,1.424,1.313,1.42,1.311,1.409,1.341,0.791,0.778,0.857,0.793,0.87,0.779,0.83,0.936,1.132,1.018,0.987,0.945,0.728,0.701,0.684,0.654,0.688,0.681,0.868,0.847,0.836,0.863,0.853,0.882,0.631,0.576,0.619,0.564,0.563,0.62,0.705,0.685,0.722,0.788,0.66,0.718,0.614,0.702,0.646,0.582,0.57,0.574,0.716,0.67,0.611,0.565,0.582,0.689,0.083,0.082,0.083,0.085,0.083,0.082,0.082,0.083,0.083,0.086,0.082,0.086,0.856,0.771,0.86,0.879,0.885,0.824,0.835,1.762,0.764,0.727,0.842,0.765
Raw Data (600),21 h 10 min,1.674,1.658,1.637,1.641,0.683,1.603,1.593,1.614,1.615,1.597,1.567,1.655,1.2,1.196,1.235,1.247,1.286,1.239,1.427,1.311,1.425,1.311,1.416,1.344,0.788,0.774,0.854,0.795,0.865,0.772,0.824,0.933,1.128,1.016,0.983,0.94,0.722,0.693,0.676,0.657,0.689,0.675,0.869,0.851,0.831,0.859,0.85,0.874,0.643,0.586,0.633,0.582,0.568,0.628,0.72,0.694,0.731,0.803,0.678,0.738,0.617,0.75,0.679,0.621,0.588,0.6,0.785,0.705,0.626,0.613,0.626,0.677,0.084,0.083,0.085,0.086,0.085,0.083,0.084,0.084,0.084,0.086,0.083,0.086,0.864,0.766,0.853,0.868,0.876,0.821,0.825,1.766,0.738,0.699,0.806,0.735
Raw Data (600),21 h 20 min,1.68,1.666,1.638,1.643,0.676,1.609,1.597,1.627,1.623,1.608,1.573,1.676,1.204,1.196,1.235,1.246,1.288,1.243,1.428,1.309,1.431,1.311,1.419,1.345,0.793,0.767,0.848,0.79,0.859,0.773,0.821,0.934,1.124,1.011,0.973,0.928,0.724,0.698,0.675,0.662,0.693,0.679,0.881,0.855,0.842,0.881,0.864,0.889,0.64,0.591,0.638,0.586,0.577,0.63,0.726,0.702,0.737,0.807,0.683,0.744,0.643,0.753,0.687,0.627,0.601,0.606,0.771,0.695,0.624,0.595,0.606,0.681,0.085,0.082,0.084,0.087,0.085,0.084,0.084,0.083,0.084,0.089,0.083,0.087,0.849,0.775,0.854,0.864,0.865,0.815,0.816,1.762,0.725,0.69,0.792,0.726
Raw Data (600),21 h 30 min,1.681,1.664,1.648,1.657,0.693,1.621,1.613,1.637,1.64,1.607,1.575,1.669,1.203,1.199,1.236,1.255,1.294,1.244,1.428,1.308,1.432,1.311,1.418,1.344,0.788,0.769,0.845,0.788,0.856,0.771,0.821,0.932,1.115,1.015,0.974,0.94,0.733,0.708,0.682,0.672,0.701,0.681,0.889,0.861,0.845,0.883,0.869,0.892,0.654,0.589,0.639,0.591,0.572,0.624,0.73,0.699,0.736,0.817,0.691,0.749,0.64,0.757,0.695,0.641,0.609,0.614,0.776,0.7,0.635,0.606,0.615,0.684,0.083,0.082,0.083,0.085,0.083,0.082,0.083,0.082,0.082,0.085,0.082,0.086,0.838,0.782,0.848,0.855,0.853,0.816,0.797,1.769,0.728,0.687,0.787,0.722
Raw Data (600),21 h 40 min,1.673,1.659,1.635,1.641,0.674,1.609,1.602,1.629,1.628,1.613,1.583,1.675,1.204,1.192,1.23,1.244,1.288,1.235,1.423,1.306,1.433,1.316,1.417,1.34,0.792,0.765,0.841,0.786,0.849,0.77,0.814,0.931,1.11,1.003,0.964,0.931,0.728,0.694,0.675,0.675,0.694,0.682,0.887,0.857,0.844,0.88,0.868,0.89,0.64,0.593,0.643,0.591,0.573,0.634,0.735,0.707,0.737,0.822,0.693,0.753,0.643,0.754,0.689,0.63,0.602,0.604,0.763,0.697,0.627,0.599,0.608,0.683,0.083,0.083,0.083,0.087,0.084,0.083,0.083,0.084,0.083,0.086,0.083,0.087,0.832,0.754,0.818,0.819,0.828,0.795,0.769,1.762,0.684,0.653,0.76,0.674
Raw Data (600),21 h 50 min,1.669,1.654,1.638,1.636,0.686,1.601,1.585,1.613,1.607,1.594,1.553,1.649,1.208,1.198,1.243,1.253,1.298,1.248,1.431,1.309,1.435,1.319,1.421,1.346,0.793,0.77,0.85,0.795,0.862,0.771,0.827,0.933,1.121,1.014,0.978,0.941,0.728,0.673,0.663,0.663,0.671,0.669,0.868,0.839,0.826,0.858,0.842,0.86,0.645,0.591,0.646,0.593,0.578,0.637,0.734,0.704,0.739,0.826,0.685,0.753,0.613,0.73,0.657,0.601,0.581,0.586,0.755,0.694,0.628,0.598,0.601,0.685,0.083,0.082,0.085,0.088,0.084,0.083,0.083,0.083,0.083,0.085,0.083,0.085,0.849,0.768,0.839,0.851,0.857,0.796,0.8,1.768,0.731,0.7,0.8,0.726
Raw Data (600),22 h ,1.67,1.658,1.642,1.64,0.681,1.601,1.596,1.611,1.61,1.601,1.569,1.666,1.203,1.194,1.237,1.251,1.291,1.245,1.427,1.308,1.423,1.313,1.413,1.345,0.792,0.769,0.849,0.796,0.86,0.775,0.823,0.939,1.121,1.019,0.984,0.944,0.747,0.7,0.682,0.689,0.694,0.691,0.88,0.856,0.843,0.873,0.862,0.89,0.645,0.589,0.647,0.593,0.575,0.631,0.737,0.697,0.738,0.833,0.698,0.756,0.64,0.76,0.692,0.643,0.604,0.61,0.774,0.701,0.63,0.595,0.608,0.681,0.083,0.082,0.083,0.085,0.084,0.083,0.084,0.083,0.083,0.084,0.083,0.086,0.853,0.765,0.85,0.866,0.867,0.828,0.813,1.774,0.736,0.708,0.813,0.747
Raw Data (600),22 h 10 min,1.673,1.66,1.633,1.633,0.678,1.602,1.598,1.617,1.611,1.602,1.56,1.669,1.208,1.198,1.242,1.257,1.299,1.247,1.426,1.31,1.428,1.311,1.413,1.345,0.803,0.777,0.859,0.806,0.87,0.782,0.833,0.946,1.136,1.025,0.99,0.951,0.747,0.684,0.671,0.687,0.681,0.68,0.877,0.854,0.835,0.865,0.856,0.877,0.634,0.571,0.64,0.574,0.551,0.606,0.726,0.677,0.719,0.818,0.676,0.734,0.618,0.724,0.653,0.595,0.575,0.588,0.741,0.692,0.622,0.584,0.591,0.7,0.084,0.083,0.084,0.085,0.085,0.083,0.084,0.083,0.084,0.085,0.083,0.086,0.853,0.784,0.857,0.885,0.879,0.825,0.826,1.787,0.751,0.71,0.814,0.743
Raw Data (600),22 h 20 min,1.677,1.663,1.641,1.643,0.691,1.607,1.599,1.623,1.614,1.6,1.563,1.662,1.209,1.199,1.241,1.251,1.298,1.245,1.435,1.311,1.434,1.315,1.423,1.347,0.799,0.777,0.859,0.809,0.874,0.775,0.833,0.941,1.131,1.021,0.986,0.944,0.755,0.686,0.67,0.695,0.685,0.677,0.882,0.854,0.834,0.865,0.855,0.871,0.647,0.588,0.651,0.598,0.576,0.631,0.752,0.699,0.745,0.846,0.702,0.765,0.625,0.761,0.678,0.616,0.589,0.602,0.781,0.712,0.627,0.628,0.617,0.679,0.083,0.082,0.083,0.087,0.085,0.083,0.083,0.083,0.083,0.084,0.083,0.086,0.859,0.768,0.849,0.873,0.869,0.829,0.82,1.782,0.73,0.705,0.8,0.739
Raw Data (600),22 h 30 min,1.683,1.671,1.641,1.642,0.676,1.611,1.6,1.622,1.616,1.608,1.566,1.677,1.212,1.199,1.241,1.252,1.294,1.249,1.431,1.307,1.435,1.315,1.426,1.348,0.806,0.771,0.853,0.802,0.862,0.776,0.828,0.943,1.129,1.019,0.974,0.937,0.755,0.688,0.67,0.702,0.692,0.682,0.893,0.859,0.845,0.886,0.868,0.888,0.65,0.594,0.654,0.598,0.587,0.634,0.765,0.703,0.747,0.856,0.71,0.775,0.648,0.764,0.689,0.63,0.611,0.618,0.768,0.709,0.628,0.601,0.607,0.681,0.084,0.083,0.085,0.088,0.085,0.083,0.084,0.084,0.083,0.09,0.083,0.087,0.852,0.777,0.847,0.874,0.873,0.814,0.805,1.784,0.731,0.694,0.784,0.726
Raw Data (600),22 h 40 min,1.68,1.668,1.648,1.657,0.71,1.63,1.621,1.639,1.637,1.613,1.573,1.676,1.21,1.206,1.247,1.262,1.307,1.256,1.438,1.311,1.439,1.318,1.422,1.353,0.804,0.774,0.853,0.804,0.866,0.781,0.834,0.943,1.132,1.027,0.987,0.946,0.767,0.693,0.673,0.717,0.695,0.685,0.898,0.862,0.849,0.886,0.871,0.889,0.657,0.593,0.657,0.61,0.588,0.635,0.769,0.696,0.751,0.867,0.714,0.776,0.65,0.765,0.702,0.647,0.618,0.627,0.788,0.718,0.642,0.621,0.62,0.691,0.084,0.083,0.083,0.088,0.084,0.083,0.084,0.084,0.083,0.084,0.083,0.087,0.845,0.784,0.851,0.864,0.856,0.809,0.802,1.786,0.739,0.697,0.797,0.737
Raw Data (600),22 h 50 min,1.679,1.668,1.64,1.645,0.681,1.61,1.601,1.626,1.626,1.615,1.57,1.679,1.211,1.197,1.238,1.253,1.299,1.246,1.434,1.306,1.439,1.318,1.423,1.344,0.804,0.773,0.849,0.799,0.858,0.776,0.825,0.939,1.119,1.014,0.969,0.938,0.761,0.681,0.664,0.717,0.681,0.681,0.888,0.855,0.839,0.879,0.865,0.877,0.653,0.591,0.659,0.605,0.578,0.636,0.78,0.697,0.749,0.874,0.714,0.78,0.649,0.762,0.704,0.628,0.622,0.619,0.769,0.706,0.63,0.599,0.605,0.685,0.083,0.082,0.083,0.088,0.084,0.083,0.083,0.083,0.083,0.085,0.082,0.086,0.832,0.755,0.822,0.835,0.836,0.796,0.779,1.785,0.685,0.653,0.76,0.67
,,,,,,,,,,,,,,,,,,,,,,,,,,,,,,,,,,,,,,,,,,,,,,,,,,,,,,,,,,,,,,,,,,,,,,,,,,,,,,,,,,,,,,,,,,,,,,,,,
